age,annual_income,employment_length_years,num_credit_accounts,credit_utilization,missed_payments_2yrs,loan_amount,debt_to_income_ratio,home_ownership,loan_purpose,creditworthy
24,76185.13,19,14,0.884,0,7887.78,0.48,RENT,debt_consolidation,0
55,39058.56,23,13,0.037,0,5739.71,0.317,RENT,credit_card,0
49,36217.3,34,4,0.634,1,24964.31,0.217,MORTGAGE,debt_consolidation,0
40,65113.53,26,7,0.906,1,29886.9,0.118,MORTGAGE,other,0
40,76748.17,7,11,0.977,0,500.0,0.521,OWN,credit_card,1
58,55885.64,1,3,0.65,0,29083.33,0.28,RENT,home_improvement,1
24,26699.35,22,0,0.95,0,15780.49,0.293,RENT,debt_consolidation,1
51,25074.32,19,4,0.076,2,24114.48,0.51,MORTGAGE,car,0
29,23603.0,32,8,0.359,0,19558.2,0.517,OWN,credit_card,0
25,16112.31,20,2,0.009,0,27963.56,0.331,RENT,credit_card,0
44,57408.68,17,5,0.981,0,16887.68,0.398,MORTGAGE,home_improvement,0
63,79750.97,10,13,0.903,1,2728.91,0.202,RENT,credit_card,0
53,54704.85,3,1,0.028,0,14048.93,0.564,MORTGAGE,credit_card,0
54,12000.0,30,0,0.018,0,19640.9,0.362,RENT,home_improvement,1
52,50803.27,28,6,0.367,0,13056.35,0.446,OWN,car,0
55,51418.42,5,0,0.259,1,20919.59,0.133,RENT,debt_consolidation,1
43,101111.97,24,0,0.847,1,14408.72,0.42,MORTGAGE,other,0
26,22942.97,12,2,0.16,1,9640.42,0.273,MORTGAGE,credit_card,0
57,46405.09,15,1,0.791,1,5226.19,0.318,RENT,debt_consolidation,0
40,92528.76,29,12,0.554,0,11473.66,0.425,RENT,debt_consolidation,1
43,64899.52,29,1,0.377,1,16841.14,0.508,MORTGAGE,credit_card,0
37,67392.89,6,7,0.146,0,500.0,0.242,MORTGAGE,debt_consolidation,0
29,57520.86,10,10,0.998,0,7979.31,0.53,MORTGAGE,car,0
61,62258.76,28,9,0.618,0,500.0,0.17,MORTGAGE,credit_card,0
55,72107.41,32,9,0.439,2,9446.33,0.4,RENT,other,0
49,37191.3,2,5,0.371,2,25775.83,0.173,OWN,debt_consolidation,1
38,74317.29,29,13,0.906,0,4324.95,0.209,RENT,home_improvement,0
57,24793.93,17,1,0.821,0,21328.44,0.542,MORTGAGE,debt_consolidation,1
44,62224.1,20,1,0.811,3,40639.43,0.116,OWN,credit_card,0
40,58932.3,2,12,0.616,0,28081.84,0.554,OWN,credit_card,0
40,41441.55,23,1,0.888,1,16201.62,0.251,RENT,home_improvement,0
30,54500.92,23,2,0.299,1,22725.91,0.453,RENT,home_improvement,0
25,41304.12,23,2,0.704,0,2672.85,0.1,MORTGAGE,debt_consolidation,0
45,31422.57,27,0,0.404,2,839.27,0.443,RENT,debt_consolidation,0
60,47220.48,33,1,0.6,0,15258.28,0.55,MORTGAGE,credit_card,1
23,30712.25,29,8,0.998,0,18587.5,0.355,MORTGAGE,debt_consolidation,0
58,62101.54,26,9,0.985,1,24849.64,0.269,RENT,home_improvement,0
57,29698.12,34,1,0.513,0,9881.14,0.486,RENT,credit_card,0
33,70663.49,23,14,0.574,1,16740.56,0.462,MORTGAGE,car,0
48,29007.46,23,1,0.897,0,16432.0,0.115,MORTGAGE,other,0
28,42541.51,18,10,0.986,1,13817.45,0.436,RENT,credit_card,0
54,41258.73,26,12,0.779,0,14347.73,0.416,RENT,other,1
51,84153.23,2,7,0.065,0,7307.66,0.464,RENT,car,1
36,62266.38,17,7,0.323,2,17517.37,0.264,MORTGAGE,debt_consolidation,0
23,50341.86,14,1,0.897,0,16755.45,0.271,MORTGAGE,car,0
63,65971.83,31,3,0.768,2,11039.89,0.618,OWN,credit_card,0
40,12000.0,2,12,0.742,0,20991.97,0.365,OWN,home_improvement,0
60,54051.06,22,5,0.668,2,24250.48,0.37,MORTGAGE,home_improvement,0
50,98945.31,6,0,0.415,2,21096.39,0.633,OWN,car,0
55,57911.62,30,10,0.403,0,5618.01,0.176,RENT,car,1
54,56494.09,29,10,0.809,1,15896.81,0.289,MORTGAGE,car,0
29,67058.82,8,0,0.294,0,6797.12,0.468,MORTGAGE,debt_consolidation,1
37,74703.32,30,0,0.685,1,15868.99,0.462,MORTGAGE,other,0
41,12000.0,17,1,0.726,1,6832.17,0.602,MORTGAGE,home_improvement,0
42,17988.82,33,0,0.845,0,26494.47,0.41,RENT,car,1
22,59626.41,25,9,0.32,0,22049.98,0.222,OWN,car,1
45,39272.72,1,1,0.742,1,25376.9,0.289,OWN,debt_consolidation,0
27,83864.56,7,9,0.106,0,24465.5,0.099,OWN,debt_consolidation,1
53,48066.16,14,2,0.138,0,12564.6,0.558,MORTGAGE,car,0
51,12440.32,7,14,0.417,0,11169.51,0.121,OWN,other,0
61,27103.69,4,10,0.055,2,30675.51,0.39,MORTGAGE,car,0
53,12000.0,34,5,0.948,0,13513.92,0.271,MORTGAGE,credit_card,1
37,49849.24,30,6,0.902,1,2808.77,0.144,RENT,debt_consolidation,1
63,50855.55,15,0,0.049,0,24067.2,0.211,MORTGAGE,credit_card,1
39,45661.82,7,0,0.838,0,16293.98,0.398,MORTGAGE,credit_card,1
35,78735.34,6,8,0.509,0,28553.5,0.067,MORTGAGE,car,1
60,81367.44,32,0,0.702,0,17186.73,0.581,OWN,credit_card,1
37,51251.45,11,9,0.887,1,14819.99,0.57,RENT,credit_card,0
24,12000.0,0,5,0.577,2,28735.09,0.137,MORTGAGE,credit_card,0
41,68580.19,13,2,0.116,0,1153.8,0.528,RENT,other,1
56,67217.93,15,8,0.003,1,9731.74,0.251,MORTGAGE,home_improvement,0
29,61806.61,21,8,0.497,0,7013.73,0.087,RENT,debt_consolidation,0
41,76592.55,11,11,0.949,0,500.0,0.218,RENT,credit_card,1
26,29373.78,32,2,0.573,3,22858.59,0.555,RENT,credit_card,0
51,99192.62,22,8,0.373,0,9983.23,0.416,RENT,debt_consolidation,1
41,33892.59,34,12,0.031,2,23148.31,0.221,RENT,home_improvement,0
35,71482.9,12,4,0.915,2,18501.78,0.486,MORTGAGE,debt_consolidation,0
30,17878.35,22,12,0.327,0,20464.28,0.439,RENT,credit_card,1
45,34534.18,12,10,0.705,0,10901.4,0.459,RENT,credit_card,1
50,88360.11,24,6,0.694,1,8121.77,0.367,RENT,credit_card,0
62,49260.2,26,13,0.254,0,15807.85,0.5,RENT,credit_card,0
40,73478.3,11,14,0.064,1,23272.51,0.423,RENT,home_improvement,0
28,60213.02,32,3,0.385,2,14546.56,0.159,OWN,debt_consolidation,0
57,52690.92,30,14,0.317,0,8682.57,0.496,MORTGAGE,debt_consolidation,1
48,85004.71,31,0,0.7,1,4208.84,0.248,RENT,car,1
51,49793.51,7,1,0.82,2,16837.47,0.478,MORTGAGE,other,0
25,15823.76,25,0,0.222,1,10013.39,0.441,RENT,debt_consolidation,1
34,37328.72,3,5,0.528,1,14354.33,0.255,MORTGAGE,debt_consolidation,0
54,67126.22,3,14,0.041,0,12850.99,0.139,OWN,other,1
57,63701.2,34,9,0.214,0,11000.12,0.432,RENT,debt_consolidation,1
40,20524.72,5,9,0.762,1,17644.23,0.537,RENT,other,0
56,39064.46,30,1,0.793,0,19990.54,0.511,MORTGAGE,car,0
58,42202.13,15,7,0.776,1,32687.51,0.415,RENT,debt_consolidation,0
38,46959.67,10,5,0.142,1,21821.71,0.195,RENT,debt_consolidation,0
60,24729.9,2,7,0.551,0,29343.14,0.224,MORTGAGE,other,0
33,41175.84,23,3,0.423,0,7632.6,0.465,MORTGAGE,debt_consolidation,1
31,38970.57,25,3,0.991,0,591.5,0.276,RENT,credit_card,0
51,71973.73,16,14,0.654,3,14870.13,0.513,MORTGAGE,debt_consolidation,0
49,72800.67,28,8,0.935,2,22722.25,0.26,RENT,home_improvement,0
27,51792.17,11,6,0.145,0,21310.46,0.053,RENT,car,0
57,46375.12,19,1,0.451,2,25902.43,0.422,MORTGAGE,home_improvement,0
29,58078.33,10,11,0.772,0,500.0,0.381,MORTGAGE,debt_consolidation,0
56,37035.35,20,7,0.368,0,26276.79,0.395,MORTGAGE,credit_card,1
21,29769.69,4,5,0.633,0,18019.16,0.198,MORTGAGE,home_improvement,0
56,34315.13,16,10,0.512,1,1103.88,0.516,MORTGAGE,debt_consolidation,0
55,41034.11,19,1,0.992,2,21511.76,0.358,OWN,car,0
55,29403.58,19,7,0.174,2,16525.34,0.509,MORTGAGE,home_improvement,1
50,58565.31,15,12,0.935,0,18431.06,0.386,RENT,debt_consolidation,1
41,71053.74,22,6,0.402,1,23991.98,0.299,MORTGAGE,other,0
52,20083.84,17,0,0.468,0,18872.48,0.424,RENT,credit_card,0
33,55552.83,9,3,0.529,0,1744.57,0.366,MORTGAGE,debt_consolidation,1
55,50161.41,7,0,0.265,0,13712.76,0.331,RENT,debt_consolidation,0
45,62513.19,22,7,0.964,1,500.0,0.427,MORTGAGE,credit_card,0
41,54715.35,32,5,0.911,1,20841.56,0.117,MORTGAGE,debt_consolidation,1
43,23020.82,26,1,0.973,1,27581.73,0.571,MORTGAGE,debt_consolidation,0
46,27227.44,22,10,0.997,2,3826.93,0.274,RENT,car,0
22,55647.32,32,2,0.67,1,8956.83,0.194,RENT,home_improvement,0
27,77633.18,31,5,0.452,1,7058.68,0.494,MORTGAGE,debt_consolidation,0
31,12000.0,17,14,0.851,0,10914.85,0.177,OWN,home_improvement,0
26,62605.98,3,0,0.024,0,18711.81,0.598,MORTGAGE,home_improvement,0
40,81171.68,22,3,0.834,0,11012.38,0.281,RENT,credit_card,0
50,51633.43,21,4,0.497,2,20872.77,0.253,RENT,other,0
49,67104.45,9,7,0.673,0,24588.42,0.084,MORTGAGE,debt_consolidation,1
41,39532.48,29,3,0.374,0,24915.83,0.073,RENT,debt_consolidation,1
58,52373.94,30,14,0.369,1,4936.37,0.122,OWN,debt_consolidation,0
45,19339.9,11,0,0.032,0,27473.36,0.053,MORTGAGE,debt_consolidation,1
24,12000.0,16,14,0.424,1,28194.65,0.25,RENT,credit_card,1
54,75740.85,6,8,0.408,1,28974.12,0.241,RENT,debt_consolidation,0
46,33330.11,6,0,0.225,0,13579.67,0.287,RENT,credit_card,1
48,44978.39,9,1,0.247,1,8233.42,0.198,MORTGAGE,other,0
45,24498.27,12,1,0.584,0,6141.83,0.085,MORTGAGE,car,1
45,23980.67,9,4,0.318,3,5083.98,0.149,RENT,home_improvement,0
24,51175.57,5,4,0.83,0,15105.21,0.15,MORTGAGE,home_improvement,0
45,38949.3,15,9,0.111,0,22630.67,0.224,RENT,home_improvement,1
55,63315.36,21,4,0.578,2,26759.03,0.171,MORTGAGE,credit_card,0
34,64955.85,11,10,0.16,1,10629.99,0.271,OWN,credit_card,1
47,62058.69,18,4,0.528,1,14651.81,0.577,RENT,debt_consolidation,1
22,60249.22,9,3,0.553,0,14062.31,0.194,RENT,debt_consolidation,1
36,89710.9,24,4,0.642,2,9282.48,0.183,OWN,credit_card,0
40,31512.94,22,4,0.427,0,21621.75,0.416,RENT,credit_card,0
64,53791.43,33,12,0.509,1,18265.63,0.34,RENT,debt_consolidation,1
30,79919.18,1,3,0.181,1,16276.41,0.096,MORTGAGE,debt_consolidation,0
33,82819.88,29,4,0.463,0,18224.75,0.483,MORTGAGE,car,1
38,23721.2,11,14,0.373,0,20539.06,0.443,OWN,debt_consolidation,0
64,48128.18,2,9,0.666,0,20448.93,0.588,MORTGAGE,credit_card,0
58,84878.66,24,2,0.435,1,7453.59,0.586,MORTGAGE,debt_consolidation,0
22,66177.74,6,13,0.779,1,23066.96,0.391,RENT,debt_consolidation,0
31,59295.79,6,2,0.426,1,17298.3,0.447,RENT,car,0
57,50210.94,34,2,0.236,0,11088.45,0.275,MORTGAGE,debt_consolidation,1
23,46556.38,7,6,0.274,1,17108.07,0.559,RENT,debt_consolidation,1
58,61340.82,19,10,0.045,0,18100.3,0.354,MORTGAGE,other,1
33,49447.77,7,2,0.54,0,24736.05,0.229,RENT,credit_card,0
61,54063.27,4,11,0.831,1,5584.6,0.075,RENT,home_improvement,0
33,56729.17,0,2,0.769,0,26924.86,0.373,MORTGAGE,home_improvement,0
40,40082.43,0,11,0.438,0,15208.5,0.339,MORTGAGE,debt_consolidation,1
50,66706.85,16,1,0.196,0,10444.62,0.497,RENT,credit_card,1
26,119113.38,15,6,0.863,1,10169.18,0.173,MORTGAGE,credit_card,0
45,15906.29,1,9,0.057,0,5987.69,0.498,RENT,debt_consolidation,0
43,62128.28,12,3,0.399,1,500.0,0.078,RENT,debt_consolidation,0
55,38275.82,9,9,0.857,1,21096.6,0.393,OWN,home_improvement,0
64,67702.86,19,10,0.393,0,32827.98,0.268,OWN,debt_consolidation,0
50,56024.26,34,9,0.118,1,500.0,0.252,RENT,debt_consolidation,1
39,71760.81,24,5,0.266,0,6446.15,0.288,RENT,credit_card,1
38,80861.14,32,11,0.6,0,21764.25,0.173,OWN,credit_card,1
39,59233.26,6,10,0.152,1,14589.27,0.171,MORTGAGE,home_improvement,1
56,79905.15,7,4,0.655,2,22509.77,0.533,RENT,debt_consolidation,0
35,12000.0,26,11,0.438,0,14084.52,0.175,RENT,home_improvement,0
28,89989.95,10,13,0.334,1,9774.35,0.475,RENT,car,0
35,63251.37,29,12,0.241,2,12967.42,0.481,MORTGAGE,credit_card,0
21,78712.55,16,10,0.823,1,500.0,0.088,MORTGAGE,car,0
25,28162.73,7,11,0.397,0,4708.64,0.535,RENT,credit_card,0
24,36723.06,29,12,0.738,0,23534.51,0.484,RENT,debt_consolidation,1
54,58210.64,19,4,0.44,1,25727.1,0.508,RENT,credit_card,0
52,54625.17,28,10,0.092,1,27655.49,0.515,MORTGAGE,credit_card,1
51,61227.51,15,2,0.441,1,18967.82,0.39,OWN,car,0
41,78859.33,4,5,0.508,1,500.0,0.616,MORTGAGE,debt_consolidation,0
52,16165.15,23,14,0.458,0,9284.94,0.149,MORTGAGE,debt_consolidation,0
28,76424.02,4,4,0.816,1,26921.9,0.11,RENT,car,0
60,55182.2,23,12,0.911,0,29607.49,0.437,MORTGAGE,debt_consolidation,0
43,50516.8,14,6,0.787,0,27263.83,0.212,RENT,home_improvement,1
62,22635.46,27,3,0.583,0,12873.73,0.385,RENT,debt_consolidation,1
27,66067.07,30,1,0.541,0,3240.82,0.265,MORTGAGE,other,0
42,12000.0,14,8,0.645,0,14634.32,0.233,MORTGAGE,debt_consolidation,0
51,69264.67,30,6,0.288,2,15133.26,0.581,RENT,home_improvement,1
42,22173.67,3,7,0.812,0,29090.08,0.128,MORTGAGE,credit_card,1
40,56176.07,3,0,0.857,1,17050.12,0.174,OWN,other,0
28,52378.29,34,4,0.267,2,15150.13,0.457,MORTGAGE,other,0
37,80729.84,20,0,0.903,0,15661.46,0.48,MORTGAGE,car,1
31,51069.59,15,4,0.849,0,18598.73,0.508,RENT,debt_consolidation,0
34,39728.95,5,13,0.424,1,20637.96,0.197,MORTGAGE,credit_card,0
51,43854.74,10,2,0.909,3,8479.16,0.595,RENT,car,0
48,83003.42,24,10,0.12,0,5481.42,0.385,RENT,home_improvement,1
47,66798.53,28,0,0.028,0,27335.03,0.503,RENT,car,0
36,46516.14,32,8,0.348,1,500.0,0.108,MORTGAGE,car,1
63,49798.18,14,13,0.565,0,29739.73,0.246,MORTGAGE,debt_consolidation,1
24,20522.1,15,5,0.351,0,500.0,0.339,MORTGAGE,debt_consolidation,1
36,63546.43,5,2,0.942,0,9739.13,0.367,MORTGAGE,debt_consolidation,0
26,16284.05,2,8,0.255,1,23746.69,0.124,OWN,home_improvement,0
35,71539.52,15,4,0.281,2,15003.08,0.386,MORTGAGE,credit_card,0
63,57829.68,20,13,0.635,1,3151.71,0.436,MORTGAGE,debt_consolidation,0
37,107512.94,3,12,0.004,0,18837.85,0.249,RENT,home_improvement,1
60,30797.02,14,9,0.728,0,15603.04,0.325,RENT,debt_consolidation,1
42,52741.43,22,9,0.377,0,13055.57,0.211,MORTGAGE,credit_card,1
51,94562.33,28,9,0.978,0,9384.7,0.529,MORTGAGE,credit_card,1
41,81210.57,32,11,0.691,0,14688.55,0.38,RENT,credit_card,1
32,39683.33,11,6,0.052,0,9762.71,0.353,MORTGAGE,debt_consolidation,1
54,59927.28,13,14,0.093,0,36910.79,0.569,RENT,home_improvement,0
63,55043.99,30,5,0.088,1,12839.85,0.436,RENT,car,1
32,61203.03,24,0,0.953,2,11636.19,0.244,RENT,home_improvement,0
55,39629.03,9,10,0.684,1,10125.27,0.423,RENT,other,0
32,53034.95,23,9,0.428,3,30992.56,0.639,RENT,debt_consolidation,0
52,19842.85,5,14,0.2,1,500.0,0.083,OWN,debt_consolidation,0
55,57972.72,15,5,0.874,0,18234.89,0.395,MORTGAGE,debt_consolidation,1
40,64900.45,10,6,0.202,0,12846.39,0.136,RENT,home_improvement,1
53,49996.77,34,8,0.707,1,2189.4,0.519,RENT,debt_consolidation,0
32,19468.88,1,5,0.763,0,7628.31,0.402,MORTGAGE,other,0
24,76747.7,29,11,0.295,0,17852.59,0.565,RENT,credit_card,0
25,63019.55,9,6,0.505,0,7220.46,0.418,MORTGAGE,car,0
40,39027.67,1,11,0.223,1,17336.08,0.079,MORTGAGE,credit_card,0
60,48826.79,23,6,0.379,1,30562.38,0.351,OWN,home_improvement,1
26,21985.27,23,3,0.965,0,16535.41,0.547,RENT,credit_card,0
41,32440.98,4,14,0.693,2,1918.39,0.218,OWN,credit_card,0
51,43168.15,1,7,0.847,0,7378.83,0.096,MORTGAGE,car,0
29,82025.26,3,10,0.541,0,12431.35,0.446,MORTGAGE,debt_consolidation,1
52,40930.93,14,8,0.239,1,11829.88,0.346,OWN,car,1
34,69084.7,4,5,0.713,0,16368.12,0.076,MORTGAGE,home_improvement,1
56,43157.04,24,14,0.501,3,17811.99,0.264,RENT,home_improvement,0
46,60454.85,2,5,0.177,0,30574.75,0.23,MORTGAGE,debt_consolidation,0
45,51889.3,27,14,0.412,4,14966.52,0.497,MORTGAGE,debt_consolidation,0
28,74207.25,30,6,0.635,0,4630.25,0.309,OWN,debt_consolidation,1
41,43234.15,25,0,0.735,0,25384.26,0.318,MORTGAGE,home_improvement,0
58,20404.38,33,0,0.243,1,26367.22,0.514,MORTGAGE,debt_consolidation,1
21,24597.12,32,14,0.876,4,17091.99,0.283,RENT,other,0
54,43298.7,1,7,0.38,0,12782.45,0.42,RENT,other,0
42,27520.68,11,5,0.271,1,20602.92,0.272,MORTGAGE,debt_consolidation,1
52,64024.66,26,12,0.195,0,13100.28,0.28,RENT,home_improvement,0
50,44753.1,11,9,0.804,2,500.0,0.396,RENT,debt_consolidation,0
40,107241.34,25,9,0.354,0,20071.27,0.433,MORTGAGE,debt_consolidation,1
34,16770.28,27,10,0.483,0,23030.26,0.57,MORTGAGE,debt_consolidation,1
48,59479.93,34,2,0.223,2,27969.79,0.238,MORTGAGE,car,1
27,30185.03,11,1,0.686,1,8423.17,0.127,RENT,car,0
46,44145.17,12,10,0.781,1,17035.49,0.306,RENT,debt_consolidation,1
25,58111.23,0,0,0.339,1,17230.2,0.371,MORTGAGE,debt_consolidation,0
49,12000.0,9,10,0.945,0,15768.44,0.175,OWN,credit_card,1
48,60210.17,9,1,0.031,0,16033.7,0.54,RENT,credit_card,0
24,96863.96,15,3,0.133,0,15334.22,0.489,MORTGAGE,debt_consolidation,1
54,45024.36,14,10,0.589,1,16905.74,0.342,MORTGAGE,car,0
39,60715.77,29,9,0.701,0,21666.13,0.298,MORTGAGE,other,0
55,77548.28,27,11,0.251,0,25982.59,0.072,MORTGAGE,credit_card,1
22,51393.02,25,9,0.554,0,8193.01,0.345,RENT,car,1
28,42218.88,0,0,0.318,1,13449.29,0.398,MORTGAGE,home_improvement,0
42,12000.0,16,12,0.554,0,11196.53,0.54,MORTGAGE,credit_card,0
29,69101.8,25,3,0.659,1,9908.95,0.346,RENT,car,0
35,52510.29,8,2,0.973,1,500.0,0.157,RENT,credit_card,0
50,32720.96,14,13,0.456,1,15218.0,0.169,MORTGAGE,credit_card,0
27,57785.13,25,2,0.648,0,19313.88,0.138,MORTGAGE,debt_consolidation,1
50,42159.03,27,8,0.578,2,13604.1,0.606,OWN,home_improvement,0
25,43374.63,29,7,0.318,1,14919.38,0.506,RENT,debt_consolidation,0
28,68338.41,15,11,0.253,2,18765.93,0.544,RENT,debt_consolidation,0
46,25555.59,13,0,0.988,3,27700.08,0.572,OWN,credit_card,0
55,78040.94,13,1,0.207,1,11222.12,0.123,RENT,credit_card,1
28,24250.9,23,6,0.79,0,4455.49,0.436,RENT,debt_consolidation,0
34,40420.57,14,7,0.147,1,14186.04,0.457,MORTGAGE,debt_consolidation,1
61,97304.82,14,11,0.804,2,31952.05,0.214,OWN,car,0
64,79801.8,5,9,0.186,2,4551.89,0.36,MORTGAGE,credit_card,0
46,57147.29,16,2,0.967,0,20851.22,0.414,RENT,credit_card,0
40,34308.34,8,14,0.686,0,25421.22,0.544,MORTGAGE,car,0
36,43356.01,18,6,0.09,1,500.0,0.131,MORTGAGE,car,0
47,56612.06,31,14,0.693,3,18692.0,0.601,OWN,debt_consolidation,0
47,55825.51,27,14,0.604,1,20430.7,0.577,RENT,credit_card,0
33,53000.84,16,0,0.338,1,12593.98,0.578,OWN,debt_consolidation,0
22,54321.68,34,7,0.261,1,9182.05,0.073,MORTGAGE,credit_card,1
27,50283.75,34,6,0.719,0,9684.04,0.172,RENT,home_improvement,1
63,23276.47,15,7,0.741,1,12042.88,0.45,RENT,debt_consolidation,0
39,43636.76,26,4,0.327,2,12281.14,0.267,RENT,credit_card,0
42,75121.73,11,8,0.876,0,10583.01,0.084,OWN,debt_consolidation,0
41,24896.65,30,7,0.269,1,11899.72,0.49,RENT,credit_card,0
55,50829.78,13,2,0.07,1,25717.13,0.086,MORTGAGE,debt_consolidation,0
23,36965.41,9,4,0.6,1,4070.14,0.315,RENT,car,0
24,57449.71,4,2,0.107,1,500.0,0.591,MORTGAGE,credit_card,0
33,46450.07,29,12,0.277,1,25861.07,0.312,MORTGAGE,debt_consolidation,0
42,87502.66,10,10,0.507,0,13271.84,0.552,OWN,car,0
50,66144.83,28,5,0.286,0,11505.91,0.275,MORTGAGE,debt_consolidation,1
42,26140.33,3,5,0.215,0,13999.05,0.241,MORTGAGE,credit_card,0
40,69767.02,17,1,0.703,0,16883.49,0.109,MORTGAGE,credit_card,0
62,37957.66,14,4,0.547,1,10283.54,0.267,MORTGAGE,debt_consolidation,0
28,42306.08,15,13,0.84,0,19553.38,0.235,OWN,debt_consolidation,1
46,61904.02,5,0,0.581,1,6339.64,0.536,MORTGAGE,debt_consolidation,0
44,44181.56,2,2,0.483,0,12283.56,0.556,OWN,home_improvement,0
41,74642.83,12,12,0.261,1,500.0,0.082,RENT,home_improvement,0
56,37960.78,16,7,0.792,0,25550.13,0.104,MORTGAGE,debt_consolidation,0
32,41383.18,27,0,0.197,1,13415.21,0.424,OWN,debt_consolidation,0
62,40559.84,16,7,0.242,0,21030.94,0.317,OWN,car,0
35,42555.95,8,11,0.842,0,19289.17,0.213,MORTGAGE,debt_consolidation,1
44,79182.21,9,5,0.741,0,19948.32,0.193,MORTGAGE,debt_consolidation,0
43,68833.52,21,5,0.613,1,14930.02,0.194,MORTGAGE,home_improvement,1
58,92618.77,15,9,0.039,0,18494.05,0.339,RENT,debt_consolidation,0
40,104888.17,31,8,0.127,0,6348.44,0.06,OWN,other,1
33,32324.23,15,13,0.5,1,4459.39,0.476,RENT,debt_consolidation,0
21,56549.22,19,3,0.746,1,14090.05,0.235,RENT,car,0
37,29123.59,2,4,0.464,1,8882.01,0.305,MORTGAGE,credit_card,1
57,37892.67,6,2,0.017,0,27829.18,0.34,RENT,debt_consolidation,0
21,41138.18,29,9,0.184,0,18376.3,0.166,RENT,credit_card,1
60,31742.59,12,8,0.589,0,8551.67,0.536,RENT,other,0
44,31858.48,14,5,0.694,1,12556.14,0.445,OWN,credit_card,0
27,51825.74,20,10,0.033,1,16197.06,0.549,MORTGAGE,debt_consolidation,0
34,28232.19,2,5,0.043,1,14387.97,0.331,OWN,other,1
45,73526.79,17,2,0.261,2,17445.71,0.328,RENT,debt_consolidation,0
34,34809.42,12,8,0.084,1,15617.89,0.2,RENT,debt_consolidation,0
25,116810.52,5,6,0.542,1,2484.09,0.37,RENT,debt_consolidation,0
50,45069.54,14,6,0.124,1,500.0,0.396,RENT,car,1
50,56584.39,15,6,0.648,0,11637.52,0.281,RENT,debt_consolidation,0
26,26502.49,6,13,0.777,1,20044.43,0.15,RENT,debt_consolidation,0
33,92534.02,19,3,0.971,1,11738.68,0.22,MORTGAGE,other,0
31,79629.01,26,4,0.948,0,26129.08,0.058,MORTGAGE,home_improvement,1
50,61532.15,9,8,0.273,1,14578.02,0.246,RENT,debt_consolidation,1
53,25370.34,33,0,0.029,1,27214.76,0.389,MORTGAGE,credit_card,1
52,59634.67,21,2,0.329,1,25367.13,0.596,RENT,debt_consolidation,0
62,30328.52,27,8,0.708,1,24461.58,0.168,MORTGAGE,credit_card,0
54,87171.82,2,7,0.06,0,4168.4,0.081,MORTGAGE,debt_consolidation,1
35,72802.28,26,9,0.36,0,15154.27,0.213,MORTGAGE,home_improvement,1
25,57099.66,11,1,0.298,0,26004.96,0.136,MORTGAGE,car,0
48,12000.0,24,12,0.219,0,17451.1,0.433,RENT,debt_consolidation,1
61,33364.85,28,7,0.706,0,19989.24,0.053,MORTGAGE,debt_consolidation,1
63,70130.74,8,2,0.659,0,2509.01,0.589,MORTGAGE,credit_card,0
31,81683.44,9,4,0.535,1,32269.11,0.541,OWN,car,0
31,79401.74,2,3,0.911,0,7877.63,0.32,MORTGAGE,car,0
22,19975.71,21,6,0.103,0,500.0,0.557,MORTGAGE,car,1
27,61634.15,27,7,0.15,0,11839.87,0.395,MORTGAGE,other,0
45,77341.33,14,6,0.383,2,500.0,0.637,OWN,car,1
45,18516.62,5,6,0.656,1,5233.87,0.223,RENT,other,0
37,54826.1,11,13,0.584,1,38026.61,0.618,RENT,home_improvement,0
34,61024.53,14,14,0.074,0,11579.63,0.149,MORTGAGE,debt_consolidation,0
57,48383.18,32,7,0.958,0,2149.92,0.244,MORTGAGE,home_improvement,1
41,14252.44,4,14,0.305,0,15227.68,0.564,RENT,debt_consolidation,0
56,47834.64,12,12,0.359,1,6919.77,0.274,RENT,debt_consolidation,1
63,47799.28,22,12,0.624,0,22780.67,0.165,MORTGAGE,debt_consolidation,1
34,51742.41,8,3,0.945,0,6994.1,0.083,MORTGAGE,credit_card,1
29,42603.63,30,6,0.663,5,17436.6,0.232,MORTGAGE,home_improvement,0
62,45253.73,31,5,0.955,0,4676.47,0.245,RENT,credit_card,1
48,54126.46,13,1,0.188,0,38391.25,0.282,RENT,debt_consolidation,1
33,64734.0,26,1,0.619,0,19532.61,0.348,MORTGAGE,other,0
48,48302.61,26,9,0.829,1,13690.45,0.517,RENT,credit_card,0
43,45987.72,23,6,0.509,0,12363.38,0.057,MORTGAGE,debt_consolidation,1
60,57031.79,6,12,0.362,1,10017.6,0.533,MORTGAGE,debt_consolidation,0
32,12739.85,1,10,0.985,0,8151.78,0.367,RENT,debt_consolidation,0
64,65494.77,12,1,0.141,0,7904.43,0.466,MORTGAGE,other,1
62,54987.61,4,12,0.411,1,30104.96,0.486,RENT,debt_consolidation,0
28,55873.26,10,7,0.873,0,10026.47,0.547,MORTGAGE,other,0
28,76136.15,22,8,0.9,0,500.0,0.101,MORTGAGE,debt_consolidation,1
44,12038.06,20,14,0.98,1,4506.29,0.384,MORTGAGE,car,0
22,12000.0,7,9,0.885,0,23349.52,0.55,OWN,debt_consolidation,0
34,61023.68,0,0,0.051,2,12729.08,0.486,RENT,credit_card,0
40,54843.43,7,2,0.93,0,13793.27,0.103,MORTGAGE,credit_card,0
63,58743.89,15,6,0.428,0,25528.33,0.388,RENT,debt_consolidation,0
64,44833.2,27,0,0.652,1,8005.5,0.51,OWN,other,0
27,69615.78,12,2,0.394,2,20691.76,0.241,RENT,home_improvement,1
60,75518.05,10,11,0.814,0,8989.05,0.398,MORTGAGE,debt_consolidation,0
25,65647.61,19,2,0.576,2,20182.89,0.552,RENT,car,0
53,49261.77,2,2,0.846,0,11479.78,0.338,RENT,debt_consolidation,0
58,12000.0,7,7,0.194,2,12826.06,0.197,RENT,other,0
60,71923.2,1,1,0.185,1,22381.2,0.372,RENT,credit_card,1
30,81878.03,18,3,0.44,0,21732.22,0.373,RENT,debt_consolidation,1
60,69180.29,15,14,0.005,2,13511.15,0.312,RENT,debt_consolidation,0
26,35647.87,20,9,0.693,0,10755.39,0.424,MORTGAGE,debt_consolidation,1
43,69823.48,21,14,0.296,0,29392.33,0.288,MORTGAGE,other,1
41,73931.65,13,5,0.557,1,20303.98,0.553,RENT,debt_consolidation,0
34,89293.96,30,9,0.07,0,11479.72,0.485,OWN,debt_consolidation,0
21,35725.58,32,3,0.171,0,9122.24,0.493,MORTGAGE,car,1
54,50018.0,3,5,0.623,1,24224.08,0.359,RENT,debt_consolidation,0
35,71439.99,32,2,0.306,0,16038.6,0.158,RENT,debt_consolidation,1
50,56263.02,6,12,0.215,0,13528.02,0.448,MORTGAGE,home_improvement,0
39,30418.79,8,2,0.229,0,16034.78,0.088,MORTGAGE,debt_consolidation,0
37,64121.56,18,3,0.215,0,18040.17,0.335,OWN,car,1
59,67730.56,1,6,0.623,1,14489.8,0.099,MORTGAGE,credit_card,1
25,56935.18,12,6,0.168,1,25833.18,0.361,OWN,debt_consolidation,1
53,59830.87,6,4,0.363,0,26334.05,0.427,MORTGAGE,credit_card,1
53,49308.47,16,5,0.688,0,19786.99,0.281,OWN,debt_consolidation,1
37,87522.14,28,4,0.514,0,27372.47,0.279,MORTGAGE,credit_card,1
32,35184.77,32,13,0.597,0,15076.47,0.118,MORTGAGE,credit_card,1
21,42078.94,7,8,0.251,1,21212.98,0.236,MORTGAGE,car,0
62,55241.68,19,13,0.933,1,24040.11,0.314,MORTGAGE,credit_card,0
62,74336.99,16,14,0.414,0,24171.34,0.525,RENT,car,1
31,22057.79,14,9,0.287,0,23243.99,0.544,RENT,debt_consolidation,0
22,26173.47,22,12,0.904,0,20680.7,0.574,RENT,other,0
26,12000.0,34,1,0.655,1,32614.15,0.125,RENT,debt_consolidation,0
23,55719.29,14,14,0.614,0,10142.74,0.213,OWN,car,0
57,30397.27,2,7,0.887,1,13603.01,0.325,MORTGAGE,credit_card,0
60,46539.9,32,10,0.059,0,13069.41,0.403,RENT,debt_consolidation,0
27,69550.32,32,3,0.838,0,11687.4,0.437,RENT,credit_card,1
53,40886.06,11,1,0.678,0,500.0,0.482,RENT,other,1
28,60088.2,17,13,0.36,0,27373.78,0.323,MORTGAGE,car,0
37,48414.57,30,6,0.256,1,5765.64,0.376,OWN,home_improvement,0
47,69786.51,17,2,0.105,0,16528.33,0.578,RENT,credit_card,0
52,65452.82,16,9,0.941,1,2203.25,0.202,RENT,credit_card,0
59,39777.46,32,0,0.142,1,20586.44,0.512,OWN,debt_consolidation,0
22,51289.66,29,6,0.259,0,7931.44,0.441,MORTGAGE,home_improvement,1
29,77962.35,17,10,0.691,0,4776.34,0.127,OWN,debt_consolidation,1
33,63654.29,5,10,0.71,0,16749.09,0.56,RENT,car,0
34,24266.83,15,6,0.161,0,8693.39,0.52,RENT,home_improvement,1
64,69423.6,23,5,0.814,1,9832.57,0.499,MORTGAGE,credit_card,0
55,31138.57,9,12,0.51,1,16546.11,0.14,RENT,home_improvement,0
35,86075.29,18,2,0.848,1,22199.91,0.147,MORTGAGE,debt_consolidation,0
63,77530.17,23,1,0.087,2,7634.4,0.466,MORTGAGE,debt_consolidation,0
42,61377.48,2,2,0.043,0,6079.27,0.109,RENT,debt_consolidation,1
43,58459.12,19,12,0.637,2,15211.35,0.152,MORTGAGE,debt_consolidation,0
40,50401.29,25,7,0.15,1,19853.27,0.29,MORTGAGE,debt_consolidation,1
27,69927.53,7,0,0.525,0,28164.8,0.053,OWN,home_improvement,1
62,46842.88,19,2,0.014,1,5358.03,0.467,RENT,home_improvement,1
21,60182.54,24,0,0.78,0,12138.3,0.347,MORTGAGE,credit_card,0
28,74182.56,1,12,0.9,0,25582.07,0.093,RENT,other,0
31,42640.26,22,6,0.839,0,32757.85,0.349,OWN,car,0
33,41443.76,9,1,0.958,0,6062.18,0.08,MORTGAGE,debt_consolidation,1
26,28723.96,13,3,0.903,0,8350.69,0.089,RENT,credit_card,0
21,31581.6,22,9,0.444,0,18429.9,0.317,MORTGAGE,other,1
50,14775.3,0,8,0.398,1,9800.31,0.345,MORTGAGE,debt_consolidation,0
63,71056.23,0,12,0.896,0,8166.91,0.236,MORTGAGE,credit_card,1
26,94796.12,15,0,0.927,0,17200.24,0.392,RENT,other,0
34,86357.24,33,1,0.973,0,28944.78,0.263,MORTGAGE,car,0
43,19226.14,0,0,0.768,0,3214.66,0.373,MORTGAGE,car,0
61,70946.8,27,5,0.202,0,28485.01,0.242,RENT,car,1
51,86286.34,2,10,0.945,0,9827.08,0.443,RENT,debt_consolidation,0
54,44950.18,17,9,0.947,0,18112.13,0.369,OWN,home_improvement,0
46,57231.84,15,3,0.666,1,29317.66,0.158,MORTGAGE,car,1
39,12000.0,16,9,0.857,0,17927.91,0.427,MORTGAGE,debt_consolidation,0
29,60868.2,2,9,0.561,0,12322.58,0.481,OWN,debt_consolidation,0
59,31601.69,26,2,0.944,0,21463.58,0.086,RENT,debt_consolidation,1
56,59391.97,9,11,0.094,0,13441.5,0.385,MORTGAGE,home_improvement,1
22,20653.54,26,6,0.864,1,19692.16,0.505,MORTGAGE,home_improvement,0
52,66942.88,22,0,0.056,0,13157.87,0.113,RENT,car,1
24,77539.28,19,5,0.339,0,22750.38,0.546,OWN,debt_consolidation,1
53,37770.04,10,11,0.135,0,2451.91,0.278,MORTGAGE,home_improvement,0
57,29987.7,22,10,0.479,0,5878.31,0.456,RENT,debt_consolidation,0
26,12000.0,34,4,0.232,1,2319.64,0.564,OWN,other,0
40,49138.9,32,11,0.952,0,14492.14,0.594,OWN,credit_card,0
26,42204.93,32,5,0.559,0,1234.16,0.371,MORTGAGE,home_improvement,1
45,20877.57,7,6,0.898,0,8773.52,0.437,RENT,debt_consolidation,1
61,64966.41,20,1,0.278,0,5032.42,0.188,RENT,debt_consolidation,1
24,45100.65,13,14,0.026,0,28317.09,0.21,MORTGAGE,debt_consolidation,1
38,31333.81,33,12,0.776,0,6083.88,0.518,OWN,car,0
63,42799.41,33,2,0.702,0,3421.09,0.269,RENT,debt_consolidation,0
34,78568.7,30,8,0.545,1,17235.05,0.522,MORTGAGE,car,0
26,68264.61,5,11,0.815,0,30181.39,0.078,RENT,debt_consolidation,0
42,52139.43,11,7,0.84,1,13955.4,0.19,MORTGAGE,credit_card,0
43,68620.31,24,3,0.588,2,14651.53,0.184,MORTGAGE,debt_consolidation,0
50,29459.94,26,14,0.966,0,26616.82,0.34,RENT,debt_consolidation,1
34,55712.14,12,4,0.72,1,22904.06,0.114,MORTGAGE,credit_card,1
63,58241.09,4,5,0.677,0,18828.73,0.239,MORTGAGE,credit_card,0
43,44663.6,4,5,0.361,1,9758.93,0.612,MORTGAGE,credit_card,0
33,64580.08,23,13,0.002,2,19103.62,0.527,OWN,home_improvement,1
63,37830.46,15,7,0.241,1,2752.94,0.488,RENT,debt_consolidation,0
61,66216.06,17,10,0.764,0,9386.92,0.124,RENT,credit_card,0
42,67140.89,28,13,0.71,4,27883.16,0.331,MORTGAGE,home_improvement,0
22,12000.0,0,13,0.331,0,26717.93,0.424,MORTGAGE,debt_consolidation,0
47,81186.73,26,12,0.626,1,18937.36,0.082,RENT,credit_card,1
45,12000.0,9,13,0.195,0,500.0,0.289,OWN,debt_consolidation,0
27,41446.92,32,14,0.264,0,4126.01,0.561,RENT,debt_consolidation,0
48,77557.66,33,14,0.947,1,8884.75,0.115,RENT,debt_consolidation,0
57,48019.69,17,9,0.413,0,13454.71,0.548,MORTGAGE,credit_card,0
25,22743.91,11,1,0.245,0,3746.3,0.157,OWN,debt_consolidation,1
52,30937.78,8,1,0.487,0,12783.18,0.154,MORTGAGE,car,1
27,77591.93,6,11,0.387,0,30905.66,0.157,RENT,car,1
53,12726.9,34,4,0.73,0,18607.52,0.562,RENT,debt_consolidation,0
39,79837.8,6,12,0.962,1,16969.44,0.402,RENT,credit_card,0
21,53787.75,15,14,0.592,0,5842.0,0.463,MORTGAGE,debt_consolidation,0
63,28767.3,16,9,0.591,0,500.0,0.252,MORTGAGE,debt_consolidation,1
28,42171.47,23,11,0.365,0,3946.23,0.53,RENT,other,0
47,32621.06,29,4,0.565,1,500.0,0.39,MORTGAGE,credit_card,0
28,74056.95,19,6,0.319,0,15675.32,0.38,MORTGAGE,debt_consolidation,0
62,71113.41,26,14,0.001,1,18454.97,0.484,RENT,car,0
53,17178.46,19,12,0.866,2,6312.39,0.516,RENT,other,0
56,46120.97,15,3,0.429,1,16331.27,0.445,MORTGAGE,credit_card,0
40,36009.92,5,14,0.492,0,28220.94,0.115,RENT,home_improvement,0
41,83457.22,7,7,0.084,0,32619.28,0.527,RENT,car,0
48,25297.82,15,12,0.837,0,21933.69,0.193,RENT,home_improvement,0
55,90293.04,1,7,0.17,0,13426.44,0.598,MORTGAGE,credit_card,0
58,54267.52,11,9,0.411,0,21642.94,0.262,MORTGAGE,car,0
21,29437.44,16,2,0.84,0,27166.29,0.116,MORTGAGE,credit_card,0
50,40099.97,16,5,0.458,0,500.0,0.224,RENT,debt_consolidation,1
25,37364.39,28,10,0.931,1,28338.62,0.385,MORTGAGE,debt_consolidation,0
33,26958.4,33,12,0.209,0,10098.72,0.265,RENT,credit_card,1
57,57086.19,25,1,0.715,0,10185.33,0.506,MORTGAGE,debt_consolidation,1
32,27985.86,2,1,0.978,1,11805.65,0.445,OWN,debt_consolidation,0
56,12000.0,14,10,0.55,1,17880.76,0.187,MORTGAGE,credit_card,0
41,46647.12,25,6,0.692,0,4998.71,0.346,RENT,other,1
31,15337.16,20,12,0.393,1,12436.67,0.503,MORTGAGE,debt_consolidation,0
35,38452.46,16,1,0.751,0,19727.49,0.54,RENT,debt_consolidation,0
44,34999.74,15,5,0.909,0,16967.14,0.267,RENT,car,0
54,35833.25,14,0,0.703,0,18427.33,0.558,OWN,credit_card,0
47,99021.19,20,10,0.936,0,12084.28,0.07,RENT,car,0
62,56241.05,6,12,0.589,0,21243.39,0.422,RENT,credit_card,0
59,60398.16,18,2,0.577,0,24507.75,0.48,MORTGAGE,home_improvement,0
54,15919.24,7,4,0.305,1,23967.95,0.304,MORTGAGE,debt_consolidation,0
47,40612.81,23,12,0.71,0,18848.49,0.056,MORTGAGE,credit_card,1
33,59736.66,30,0,0.882,1,23450.03,0.448,RENT,home_improvement,0
39,32460.36,17,14,0.646,1,22839.55,0.258,MORTGAGE,debt_consolidation,0
26,74977.38,13,13,0.233,2,39088.57,0.173,RENT,debt_consolidation,0
37,28540.68,32,2,0.544,1,25962.6,0.156,OWN,credit_card,1
61,48699.95,23,2,0.756,1,14201.3,0.493,RENT,home_improvement,0
39,42106.86,14,10,0.939,0,6794.89,0.153,RENT,credit_card,0
26,58615.05,1,0,0.157,0,12649.74,0.316,MORTGAGE,home_improvement,0
49,40909.22,0,7,0.127,1,12013.94,0.604,RENT,home_improvement,0
63,49040.34,7,0,0.413,0,19602.8,0.467,MORTGAGE,debt_consolidation,0
59,49805.14,8,7,0.126,1,8697.69,0.371,RENT,other,0
33,38843.47,25,5,0.98,1,25729.59,0.361,RENT,car,0
40,65672.07,17,10,0.424,1,2493.93,0.162,RENT,debt_consolidation,1
44,60244.54,34,13,0.534,0,500.0,0.296,RENT,credit_card,1
31,53050.49,18,7,0.227,0,13783.96,0.13,RENT,debt_consolidation,1
32,45529.92,31,9,0.449,0,7416.97,0.096,RENT,other,1
31,72523.97,19,9,0.985,0,3675.9,0.11,RENT,credit_card,0
64,49811.65,12,14,0.489,0,9266.37,0.384,MORTGAGE,credit_card,0
53,48252.66,25,3,0.009,1,8146.63,0.176,MORTGAGE,other,1
57,57303.18,15,3,0.243,0,15091.21,0.132,RENT,home_improvement,0
56,92324.91,9,5,0.978,0,9415.76,0.527,RENT,debt_consolidation,0
63,25512.16,16,11,0.989,0,10147.79,0.117,RENT,home_improvement,1
25,71936.85,23,12,0.21,1,14956.21,0.458,RENT,car,1
59,13350.23,13,4,0.615,2,24128.17,0.319,MORTGAGE,debt_consolidation,0
23,59780.01,24,1,0.077,1,28236.71,0.388,RENT,credit_card,0
41,89651.82,34,9,0.577,2,16329.91,0.103,OWN,home_improvement,0
47,65750.71,14,8,0.126,0,17029.89,0.05,MORTGAGE,credit_card,1
36,58753.75,10,5,0.819,0,13351.32,0.499,RENT,other,0
27,42670.11,14,2,0.94,1,19331.24,0.331,RENT,credit_card,0
29,55683.04,29,12,0.173,1,18511.97,0.109,RENT,home_improvement,1
57,49454.62,6,12,0.463,0,26932.63,0.239,RENT,car,0
35,37708.51,34,11,0.102,0,500.0,0.328,MORTGAGE,debt_consolidation,1
34,48622.74,14,8,0.339,0,12889.52,0.125,RENT,debt_consolidation,1
61,59364.39,29,3,0.065,0,18052.71,0.35,RENT,other,0
27,38121.22,27,6,0.265,1,14763.44,0.361,RENT,home_improvement,1
61,37261.8,27,1,0.99,2,6547.44,0.422,MORTGAGE,credit_card,0
61,25074.64,31,3,0.045,0,3305.7,0.496,RENT,debt_consolidation,0
47,63595.95,6,6,0.859,3,22256.9,0.337,OWN,debt_consolidation,0
28,66997.11,20,6,0.077,1,8187.67,0.559,RENT,debt_consolidation,0
27,60096.53,3,1,0.529,0,500.0,0.311,RENT,credit_card,1
33,76233.75,10,14,0.452,2,22709.16,0.341,MORTGAGE,credit_card,0
46,56933.09,1,4,0.932,0,19130.85,0.411,MORTGAGE,debt_consolidation,0
27,63624.24,23,7,0.199,1,13957.13,0.41,RENT,home_improvement,0
41,61684.42,21,6,0.18,0,6769.04,0.056,MORTGAGE,other,0
26,52986.12,25,7,0.749,2,13979.03,0.63,RENT,other,0
44,43321.92,6,12,0.726,0,25940.29,0.568,RENT,car,0
21,103711.36,11,11,0.699,0,500.0,0.205,RENT,credit_card,0
52,45057.08,23,13,0.026,0,924.2,0.357,MORTGAGE,credit_card,1
23,40350.69,28,5,0.26,2,9350.11,0.514,MORTGAGE,credit_card,1
29,64548.22,30,3,0.84,0,14760.21,0.556,MORTGAGE,debt_consolidation,0
28,60540.8,2,6,0.601,0,10533.37,0.372,OWN,car,0
57,24094.59,14,8,0.602,0,20785.35,0.06,MORTGAGE,home_improvement,1
23,79698.92,0,5,0.296,0,24799.51,0.424,OWN,home_improvement,0
39,52927.72,28,6,0.26,0,17508.92,0.101,RENT,debt_consolidation,1
47,30559.52,4,2,0.947,1,20043.89,0.439,MORTGAGE,debt_consolidation,0
43,81153.25,28,8,0.728,1,17448.9,0.393,MORTGAGE,car,0
50,68764.86,5,10,0.127,2,15085.57,0.442,RENT,debt_consolidation,0
56,27180.08,0,7,0.938,0,3357.97,0.154,RENT,debt_consolidation,0
38,94098.02,30,13,0.582,1,5748.07,0.341,MORTGAGE,home_improvement,0
57,69493.54,15,14,0.333,0,2841.73,0.39,RENT,home_improvement,1
34,54775.69,14,13,0.397,0,13663.46,0.215,RENT,debt_consolidation,1
64,89984.81,22,1,0.725,1,17090.5,0.17,MORTGAGE,debt_consolidation,1
43,58504.55,9,13,0.376,0,1956.64,0.172,MORTGAGE,car,1
53,54382.17,24,5,0.579,0,15653.36,0.522,RENT,other,0
59,40473.4,15,6,0.71,1,7123.05,0.325,RENT,credit_card,0
55,67800.71,9,6,0.195,2,5377.21,0.454,OWN,car,0
58,65485.27,13,4,0.944,0,9371.86,0.333,OWN,debt_consolidation,0
44,55322.96,0,13,0.356,2,4915.71,0.549,MORTGAGE,home_improvement,0
22,37620.3,10,9,0.419,0,20459.93,0.33,RENT,credit_card,0
42,57858.46,20,14,0.699,0,13487.96,0.101,RENT,car,0
28,53464.43,4,14,0.609,0,22336.93,0.159,RENT,car,0
60,25663.56,4,6,0.44,0,11008.53,0.057,MORTGAGE,debt_consolidation,0
31,22620.13,22,10,0.65,0,11348.83,0.507,MORTGAGE,debt_consolidation,1
31,67433.37,14,7,0.903,0,31860.44,0.415,MORTGAGE,car,0
31,12000.0,4,7,0.8,3,500.0,0.528,RENT,debt_consolidation,0
49,59519.03,26,11,0.824,1,26560.33,0.463,OWN,home_improvement,0
46,44482.17,27,10,0.258,1,29890.72,0.523,RENT,credit_card,0
62,83781.43,1,13,0.419,0,21892.36,0.593,RENT,debt_consolidation,1
39,44143.7,7,11,0.554,2,12025.77,0.449,MORTGAGE,home_improvement,0
33,69508.65,12,9,0.044,1,27842.12,0.209,MORTGAGE,credit_card,1
23,46267.9,25,13,0.77,0,12104.15,0.106,OWN,car,0
21,57502.46,2,1,0.323,0,8647.93,0.374,MORTGAGE,debt_consolidation,0
37,71210.4,28,11,0.283,0,11505.58,0.474,OWN,debt_consolidation,0
61,44823.77,11,5,0.259,1,9868.26,0.379,RENT,debt_consolidation,1
44,76924.21,4,6,0.283,0,6480.39,0.217,RENT,debt_consolidation,1
60,33138.65,30,11,0.338,1,24990.07,0.466,RENT,home_improvement,1
25,61481.04,3,4,0.605,0,8038.96,0.296,RENT,credit_card,0
25,75298.07,4,13,0.584,0,14733.18,0.208,MORTGAGE,debt_consolidation,1
57,69520.82,33,7,0.256,0,2006.05,0.513,RENT,other,0
25,97161.79,18,5,0.206,0,15277.3,0.367,RENT,debt_consolidation,0
23,38204.34,16,4,0.826,1,4596.67,0.226,RENT,credit_card,0
38,24658.72,24,6,0.093,0,4375.63,0.231,MORTGAGE,car,1
61,33124.63,22,14,0.513,0,14016.41,0.364,OWN,home_improvement,0
51,69529.74,21,1,0.521,0,24512.75,0.283,MORTGAGE,debt_consolidation,1
25,65954.3,0,7,0.574,1,18963.72,0.158,RENT,other,0
57,57249.65,19,12,0.886,0,19582.08,0.386,MORTGAGE,credit_card,0
58,30294.94,9,7,0.624,2,13830.75,0.469,RENT,debt_consolidation,0
56,71871.08,28,8,0.974,0,11979.24,0.05,OWN,debt_consolidation,0
60,28056.49,17,5,0.871,0,22120.27,0.345,RENT,other,1
31,80496.89,4,2,0.215,1,9931.41,0.387,OWN,debt_consolidation,0
64,117863.65,31,9,0.241,0,22509.91,0.233,MORTGAGE,car,1
35,63061.93,9,13,0.345,1,26123.52,0.256,MORTGAGE,debt_consolidation,0
56,67828.38,9,7,0.392,0,7427.52,0.225,MORTGAGE,debt_consolidation,1
46,44157.09,32,6,0.553,1,8749.99,0.315,RENT,car,0
55,15175.31,27,1,0.233,2,10088.74,0.537,RENT,other,0
48,41740.17,30,14,0.222,2,1797.34,0.348,RENT,debt_consolidation,0
49,30956.3,23,13,0.381,1,10775.38,0.617,RENT,debt_consolidation,1
48,23165.9,31,13,0.672,0,26713.05,0.257,MORTGAGE,home_improvement,1
55,92891.92,4,5,0.688,1,5589.82,0.455,MORTGAGE,credit_card,0
53,61002.98,20,9,0.976,0,26926.76,0.352,OWN,credit_card,0
26,63353.13,10,6,0.202,0,11099.0,0.469,OWN,debt_consolidation,0
57,48201.51,13,3,0.393,0,34026.32,0.539,RENT,other,1
44,51196.84,8,3,0.965,2,8863.68,0.371,RENT,debt_consolidation,1
35,76220.12,7,5,0.69,0,13704.16,0.322,RENT,debt_consolidation,0
43,54288.58,15,8,0.592,0,6808.35,0.568,RENT,debt_consolidation,1
63,66675.27,32,1,0.54,1,8810.69,0.584,MORTGAGE,debt_consolidation,0
58,50687.91,22,10,0.076,1,27043.61,0.618,MORTGAGE,credit_card,1
57,47472.64,12,6,0.893,0,19270.83,0.136,MORTGAGE,debt_consolidation,1
41,24047.89,15,13,0.626,0,24259.36,0.052,MORTGAGE,home_improvement,1
55,12000.0,18,4,0.572,1,3159.7,0.311,MORTGAGE,credit_card,1
37,49245.64,8,0,0.54,1,20893.46,0.473,MORTGAGE,debt_consolidation,0
51,56242.93,18,4,0.392,0,6257.01,0.09,OWN,car,1
49,26705.14,24,14,0.255,1,2964.13,0.275,MORTGAGE,credit_card,0
31,54241.55,8,4,0.755,0,17148.9,0.37,MORTGAGE,debt_consolidation,1
32,56182.56,20,10,0.51,2,17056.85,0.207,RENT,debt_consolidation,0
23,12000.0,24,12,0.034,1,15480.11,0.472,MORTGAGE,credit_card,0
27,34867.26,18,4,0.399,0,21458.03,0.176,RENT,car,1
40,63959.81,10,9,0.929,0,22862.1,0.512,RENT,home_improvement,1
42,63515.29,19,3,0.374,0,28227.56,0.242,MORTGAGE,car,1
28,29619.15,27,5,0.413,0,4286.91,0.379,RENT,debt_consolidation,1
39,58485.86,7,4,0.624,0,28518.15,0.349,RENT,other,0
47,77492.96,20,10,0.802,1,31940.8,0.233,RENT,debt_consolidation,1
31,72095.61,23,13,0.668,1,11703.93,0.311,MORTGAGE,debt_consolidation,0
35,52903.71,11,3,0.85,1,500.0,0.535,MORTGAGE,credit_card,0
37,44704.52,13,4,0.114,2,2548.51,0.392,OWN,debt_consolidation,0
43,41154.42,31,12,0.925,0,10843.34,0.081,MORTGAGE,credit_card,1
37,65292.04,12,6,0.904,0,33127.27,0.442,RENT,debt_consolidation,0
53,59292.29,20,7,0.519,1,15153.72,0.17,MORTGAGE,home_improvement,1
35,68846.89,5,10,0.625,0,9445.34,0.317,MORTGAGE,car,0
40,57901.22,32,2,0.213,1,8831.38,0.328,RENT,home_improvement,1
37,73012.81,20,13,0.448,0,3095.5,0.318,OWN,credit_card,1
29,57081.04,26,5,0.203,3,22871.18,0.127,OWN,debt_consolidation,0
51,72263.15,21,9,0.022,0,14171.38,0.2,RENT,car,1
31,74158.1,12,6,0.981,0,33898.47,0.078,MORTGAGE,credit_card,1
34,37300.41,11,11,0.259,0,20653.88,0.278,RENT,credit_card,0
55,15220.83,24,9,0.593,0,22469.43,0.392,OWN,debt_consolidation,0
62,88956.84,30,2,0.3,2,12821.06,0.45,MORTGAGE,debt_consolidation,0
50,60646.49,4,2,0.371,0,5180.73,0.086,RENT,credit_card,1
61,17281.31,29,13,0.398,0,7137.77,0.115,MORTGAGE,home_improvement,1
58,39295.97,29,7,0.335,0,2676.78,0.414,MORTGAGE,car,1
42,71981.23,3,4,0.637,1,23193.55,0.362,RENT,other,0
54,48847.11,3,2,0.961,1,11535.76,0.528,MORTGAGE,credit_card,0
35,43734.65,24,1,0.429,0,23572.5,0.163,MORTGAGE,credit_card,1
41,85819.4,29,13,0.973,1,16223.23,0.136,MORTGAGE,car,0
44,31959.68,13,14,0.668,0,12364.63,0.249,MORTGAGE,debt_consolidation,0
63,37440.63,22,5,0.607,1,4473.57,0.42,RENT,credit_card,1
58,59650.5,34,3,0.237,0,17714.69,0.317,RENT,home_improvement,1
42,63590.01,11,6,0.063,0,13032.3,0.104,MORTGAGE,debt_consolidation,1
49,65919.55,7,2,0.852,0,23119.66,0.089,RENT,debt_consolidation,0
29,75047.24,34,8,0.574,0,8561.3,0.423,MORTGAGE,credit_card,0
56,59368.73,9,9,0.414,0,20544.97,0.213,OWN,credit_card,0
45,65766.45,16,14,0.812,2,29767.64,0.458,MORTGAGE,debt_consolidation,0
44,49297.4,15,4,0.311,0,17453.0,0.212,MORTGAGE,debt_consolidation,1
54,56379.36,18,2,0.784,0,22067.62,0.223,MORTGAGE,debt_consolidation,0
48,57365.75,9,2,0.328,0,20147.01,0.165,OWN,car,1
24,59732.16,23,5,0.921,0,32082.82,0.591,OWN,car,0
33,71995.88,24,9,0.268,1,18344.04,0.079,RENT,other,1
28,67213.21,7,0,0.138,0,21299.63,0.12,MORTGAGE,car,1
53,55972.77,16,11,0.698,2,14673.52,0.55,RENT,debt_consolidation,0
22,37199.23,2,6,0.163,0,8030.5,0.126,RENT,debt_consolidation,0
29,56488.77,7,11,0.949,1,4126.42,0.224,RENT,credit_card,0
47,54383.61,34,6,0.656,1,26402.32,0.215,MORTGAGE,credit_card,0
51,59249.99,17,2,0.231,0,5924.77,0.433,MORTGAGE,home_improvement,0
43,103543.56,21,0,0.209,0,21712.78,0.276,OWN,debt_consolidation,1
58,43477.0,31,8,0.924,0,18744.15,0.512,RENT,other,0
61,64290.36,24,8,0.608,0,23260.07,0.461,RENT,debt_consolidation,0
26,78506.17,27,12,0.894,0,10367.59,0.342,RENT,credit_card,0
62,57156.04,24,13,0.11,2,7883.43,0.227,RENT,car,1
48,106432.59,17,2,0.925,2,18405.35,0.526,RENT,credit_card,0
48,46683.14,22,4,0.52,0,12368.92,0.526,OWN,car,0
25,62129.96,10,3,0.668,1,3920.74,0.53,RENT,home_improvement,0
48,37426.27,31,1,0.373,0,32446.73,0.078,MORTGAGE,car,1
52,47266.46,6,0,0.059,1,7877.33,0.454,RENT,car,1
46,60476.55,30,1,0.958,0,6057.31,0.437,MORTGAGE,credit_card,1
24,73618.69,30,7,0.995,1,12820.78,0.589,OWN,credit_card,0
44,62020.09,4,2,0.365,0,26275.73,0.195,OWN,car,1
62,82700.53,24,2,0.944,1,500.0,0.502,RENT,credit_card,0
52,52910.76,34,1,0.168,0,25528.95,0.429,OWN,home_improvement,1
27,47692.29,20,10,0.155,1,6796.74,0.553,RENT,credit_card,0
63,114487.67,11,9,0.073,1,17380.73,0.451,MORTGAGE,debt_consolidation,0
63,63673.23,30,14,0.391,2,8915.94,0.559,RENT,credit_card,0
28,39171.41,17,1,0.052,0,32927.25,0.248,MORTGAGE,other,0
56,39726.2,4,3,0.395,0,16121.58,0.137,MORTGAGE,debt_consolidation,1
38,34261.04,8,6,0.138,1,8627.18,0.27,MORTGAGE,debt_consolidation,0
47,75604.53,23,9,0.731,2,12290.18,0.538,MORTGAGE,debt_consolidation,0
40,46983.7,15,1,0.833,1,15806.73,0.142,RENT,credit_card,0
55,57801.97,7,3,0.688,1,16599.09,0.421,OWN,debt_consolidation,0
64,53602.81,27,6,0.2,1,18948.86,0.613,RENT,home_improvement,0
55,71092.83,4,0,0.767,0,14987.36,0.542,RENT,debt_consolidation,0
61,36371.63,7,5,0.25,0,2605.54,0.419,RENT,debt_consolidation,1
62,31337.41,16,11,0.759,1,11937.59,0.506,RENT,debt_consolidation,0
24,59934.54,1,7,0.567,0,20459.93,0.114,RENT,debt_consolidation,0
32,68221.1,13,6,0.367,0,8971.05,0.324,MORTGAGE,car,1
52,62315.71,31,7,0.083,0,21055.03,0.343,RENT,other,1
46,37192.02,32,14,0.828,4,15285.46,0.56,MORTGAGE,car,0
23,69904.67,30,7,0.94,0,13040.34,0.205,RENT,car,0
25,38635.06,11,8,0.666,1,25747.3,0.129,MORTGAGE,debt_consolidation,0
43,43526.15,2,13,0.965,0,500.0,0.434,RENT,car,0
48,34233.02,28,2,0.934,1,8922.11,0.341,RENT,credit_card,0
28,83625.48,13,1,0.195,0,26091.86,0.513,MORTGAGE,car,0
28,68935.27,26,6,0.731,0,31470.44,0.315,OWN,home_improvement,0
26,68309.85,4,4,0.349,2,35573.93,0.555,OWN,debt_consolidation,0
45,82438.65,23,3,0.488,2,15453.2,0.369,RENT,debt_consolidation,0
21,116878.28,20,1,0.157,1,19121.08,0.5,OWN,debt_consolidation,1
46,17397.03,32,13,0.975,0,22356.85,0.446,MORTGAGE,credit_card,0
41,38755.72,3,9,0.726,0,26475.68,0.196,OWN,credit_card,0
41,41444.15,14,10,0.267,0,17817.83,0.22,RENT,other,0
50,36281.97,34,1,0.371,0,23335.34,0.545,RENT,debt_consolidation,1
43,31293.17,13,5,0.422,0,19137.96,0.177,RENT,credit_card,1
53,48407.63,23,9,0.748,0,19700.02,0.434,MORTGAGE,credit_card,0
54,28234.72,5,7,0.926,1,6734.68,0.15,RENT,debt_consolidation,0
61,62370.93,25,10,0.321,0,12037.08,0.465,RENT,debt_consolidation,0
56,56137.36,9,10,0.473,0,10295.08,0.173,MORTGAGE,credit_card,1
43,65582.63,20,6,0.593,0,4299.94,0.377,OWN,credit_card,1
42,66170.03,30,11,0.393,2,500.0,0.4,MORTGAGE,debt_consolidation,0
31,68266.15,23,3,0.504,1,11187.35,0.182,MORTGAGE,debt_consolidation,0
47,46785.0,16,1,0.106,1,12625.06,0.34,RENT,debt_consolidation,1
27,101665.15,6,13,0.168,0,15945.33,0.534,OWN,car,1
61,60157.48,11,0,0.401,1,20001.64,0.444,RENT,car,1
58,14025.34,29,4,0.915,0,16693.1,0.596,RENT,debt_consolidation,0
26,32947.73,7,1,0.349,0,12687.8,0.482,MORTGAGE,home_improvement,0
55,16708.93,22,3,0.25,0,6763.86,0.404,RENT,other,1
26,55381.36,16,5,0.743,1,22893.62,0.38,MORTGAGE,debt_consolidation,0
52,52320.29,11,1,0.949,0,14083.6,0.566,MORTGAGE,debt_consolidation,0
24,44694.63,25,7,0.459,1,11095.89,0.36,RENT,debt_consolidation,0
42,99240.37,12,13,0.009,1,13321.91,0.291,RENT,debt_consolidation,1
49,67077.62,10,2,0.688,3,8405.3,0.569,RENT,car,0
53,70974.16,18,13,0.415,0,10223.93,0.567,RENT,car,0
39,34516.38,26,6,0.674,1,9937.88,0.333,OWN,credit_card,0
61,33018.81,30,8,0.278,0,12413.96,0.125,MORTGAGE,debt_consolidation,1
55,55809.72,22,6,0.002,1,20901.79,0.405,RENT,car,0
30,58806.16,23,4,0.344,0,18664.01,0.457,RENT,debt_consolidation,0
50,14161.15,27,1,0.705,1,28920.64,0.275,MORTGAGE,debt_consolidation,0
53,51033.25,9,8,0.393,0,25905.56,0.461,MORTGAGE,debt_consolidation,0
35,55309.59,8,13,0.219,0,32607.8,0.342,OWN,car,1
53,50266.72,16,7,0.464,2,20032.43,0.256,RENT,home_improvement,0
60,37105.41,22,8,0.752,1,19887.95,0.416,MORTGAGE,home_improvement,0
56,43130.23,22,9,0.119,1,10613.26,0.284,RENT,home_improvement,0
54,51109.1,5,5,0.692,1,22434.13,0.503,MORTGAGE,debt_consolidation,0
48,56997.6,27,1,0.667,0,9094.95,0.052,RENT,credit_card,1
32,68305.41,12,7,0.371,1,1765.9,0.52,MORTGAGE,car,0
55,78778.84,30,13,0.97,0,28736.91,0.219,RENT,other,0
37,48524.35,25,4,0.895,0,3757.37,0.578,MORTGAGE,credit_card,0
44,44964.56,34,13,0.316,0,18949.67,0.468,RENT,debt_consolidation,0
34,64628.42,22,12,0.031,1,7077.02,0.203,MORTGAGE,other,0
34,68438.59,18,3,0.308,1,25140.01,0.608,RENT,credit_card,1
27,45447.59,6,8,0.205,0,26366.55,0.325,MORTGAGE,debt_consolidation,0
63,72388.66,13,11,0.547,0,19762.6,0.338,RENT,debt_consolidation,0
27,76550.88,30,7,0.919,0,26217.28,0.55,MORTGAGE,debt_consolidation,0
24,83417.1,13,10,0.87,0,15066.03,0.555,MORTGAGE,home_improvement,0
62,94123.06,1,13,0.306,0,35107.57,0.433,RENT,home_improvement,0
45,35938.84,8,9,0.429,1,21715.49,0.608,RENT,debt_consolidation,0
40,55305.76,20,12,0.037,0,6895.04,0.231,RENT,debt_consolidation,1
53,55248.11,22,12,0.544,0,15626.46,0.178,RENT,credit_card,1
37,52842.38,34,12,0.063,0,13627.48,0.066,MORTGAGE,credit_card,1
26,40716.22,32,12,0.939,0,12746.18,0.24,RENT,debt_consolidation,0
53,22317.64,18,3,0.867,1,500.0,0.401,RENT,debt_consolidation,0
28,57038.95,19,0,0.214,0,18481.78,0.218,RENT,car,0
45,38096.18,28,2,0.699,1,2528.22,0.389,RENT,other,0
62,56891.86,1,3,0.568,1,500.0,0.097,RENT,credit_card,0
62,37531.04,20,10,0.801,1,11903.88,0.265,MORTGAGE,home_improvement,0
36,30807.52,16,7,0.476,1,8196.96,0.481,RENT,car,1
55,60154.56,27,7,0.192,1,7246.17,0.127,OWN,debt_consolidation,1
47,58320.27,28,0,0.64,1,500.0,0.463,MORTGAGE,other,0
42,67744.2,22,10,0.08,1,7342.41,0.49,RENT,credit_card,1
27,103089.0,23,5,0.585,0,13437.22,0.363,OWN,credit_card,1
37,61100.37,24,11,0.213,0,9292.61,0.537,MORTGAGE,credit_card,1
49,65671.8,20,1,0.685,0,18486.09,0.575,MORTGAGE,debt_consolidation,1
64,31293.65,7,4,0.828,0,27533.95,0.069,RENT,car,1
21,26688.04,9,0,0.11,1,19647.31,0.443,MORTGAGE,home_improvement,0
52,89822.25,25,4,0.4,1,24237.55,0.2,RENT,debt_consolidation,0
58,34683.44,21,13,0.734,1,24982.14,0.295,MORTGAGE,credit_card,0
62,32033.23,8,7,0.164,1,5830.25,0.413,RENT,other,0
39,54139.82,30,6,0.567,0,18952.03,0.442,RENT,car,1
26,53015.77,34,4,0.672,2,23956.42,0.552,MORTGAGE,home_improvement,0
32,35144.86,21,3,0.355,2,11076.36,0.478,RENT,debt_consolidation,0
58,48290.59,7,10,0.832,1,7884.36,0.498,RENT,debt_consolidation,0
59,82046.27,32,14,0.511,0,19773.66,0.379,MORTGAGE,debt_consolidation,0
49,37268.14,8,11,0.627,0,1665.34,0.114,RENT,car,1
26,24339.21,15,11,0.141,0,5207.96,0.062,RENT,car,1
26,75737.06,30,7,0.023,1,8999.19,0.361,RENT,other,1
42,65830.53,18,1,0.051,1,19054.63,0.464,OWN,debt_consolidation,1
46,41348.59,8,10,0.904,1,16970.21,0.13,MORTGAGE,other,0
22,20192.33,2,12,0.883,0,24291.34,0.286,MORTGAGE,other,0
51,38618.29,12,7,0.808,0,6703.17,0.191,MORTGAGE,home_improvement,0
44,53796.5,23,1,0.2,0,6220.74,0.362,MORTGAGE,car,1
21,80644.79,25,10,0.525,0,19715.21,0.265,MORTGAGE,credit_card,0
25,32195.2,7,13,0.796,0,7812.0,0.161,MORTGAGE,debt_consolidation,0
40,53140.56,5,3,0.675,0,9568.46,0.052,OWN,debt_consolidation,1
52,69853.18,24,2,0.116,1,500.0,0.247,MORTGAGE,debt_consolidation,0
57,12000.0,5,11,0.896,0,17617.61,0.334,RENT,debt_consolidation,0
39,77743.3,2,4,0.161,1,28871.61,0.581,RENT,home_improvement,0
33,28986.09,17,10,0.172,2,5736.4,0.215,RENT,debt_consolidation,0
63,62303.9,19,10,0.901,2,24195.33,0.372,MORTGAGE,debt_consolidation,0
41,60427.03,8,3,0.485,0,14465.41,0.362,OWN,debt_consolidation,0
34,78860.9,7,0,0.373,0,500.0,0.407,MORTGAGE,home_improvement,0
40,67120.34,8,8,0.554,0,6947.46,0.231,MORTGAGE,other,1
21,12000.0,11,6,0.981,1,6391.79,0.125,MORTGAGE,credit_card,0
34,37734.86,0,12,0.12,0,12151.25,0.557,OWN,car,0
43,58040.51,0,5,0.757,0,18775.63,0.574,MORTGAGE,other,0
61,50710.44,12,3,0.334,0,31640.31,0.291,RENT,home_improvement,0
53,65507.44,0,12,0.117,0,2119.69,0.369,MORTGAGE,home_improvement,1
55,72366.06,11,11,0.422,0,10637.0,0.066,RENT,home_improvement,1
44,68385.94,20,9,0.549,1,6936.17,0.096,RENT,other,1
25,50285.95,1,14,0.206,0,3588.18,0.092,RENT,debt_consolidation,0
38,14380.59,21,11,0.405,0,15859.03,0.456,RENT,car,0
64,44979.41,21,12,0.636,0,15013.32,0.175,RENT,credit_card,0
22,64160.1,20,11,0.576,1,500.0,0.171,RENT,debt_consolidation,0
59,31010.16,21,6,0.723,4,15163.35,0.135,OWN,home_improvement,0
51,68888.04,28,0,0.836,1,4151.44,0.083,RENT,car,1
33,74984.65,2,9,0.409,1,15106.45,0.293,MORTGAGE,car,1
55,57791.07,5,11,0.423,0,26425.47,0.348,RENT,other,1
57,12000.0,11,14,0.497,0,19167.61,0.368,OWN,home_improvement,0
22,26882.06,24,10,0.566,1,16597.65,0.322,MORTGAGE,credit_card,0
25,96496.16,30,8,0.108,0,10241.11,0.303,OWN,other,0
50,42976.17,32,8,0.313,0,15601.81,0.464,MORTGAGE,debt_consolidation,1
64,12000.0,20,1,0.172,0,20069.29,0.209,MORTGAGE,debt_consolidation,0
22,82175.44,14,0,0.386,1,19177.5,0.201,RENT,credit_card,0
50,55293.82,14,0,0.973,0,14107.03,0.52,RENT,credit_card,0
27,79308.69,2,13,0.583,1,16956.39,0.449,MORTGAGE,home_improvement,0
49,61093.09,16,11,0.429,1,3150.94,0.332,RENT,car,0
48,65088.3,17,3,0.566,1,8390.97,0.221,RENT,debt_consolidation,0
24,62986.2,7,6,0.669,0,21368.04,0.125,OWN,car,0
50,70344.74,26,7,0.435,1,22578.3,0.091,RENT,home_improvement,1
60,105103.47,28,3,0.448,1,15842.39,0.539,MORTGAGE,other,1
58,76362.14,10,6,0.701,0,28310.69,0.376,RENT,debt_consolidation,1
22,20232.54,31,5,0.061,0,19572.17,0.075,RENT,home_improvement,1
31,64826.55,3,10,0.54,1,12901.85,0.157,RENT,car,0
31,80112.58,31,11,0.547,0,4022.23,0.204,MORTGAGE,credit_card,1
40,81459.42,26,1,0.757,0,27948.6,0.195,MORTGAGE,debt_consolidation,0
27,45614.69,7,6,0.983,0,21932.86,0.352,OWN,debt_consolidation,0
58,80628.78,22,14,0.796,0,31184.8,0.27,RENT,debt_consolidation,0
55,75410.33,10,13,0.504,0,34501.63,0.535,RENT,credit_card,1
56,111595.38,27,11,0.169,1,3417.54,0.466,MORTGAGE,home_improvement,1
29,38499.96,5,11,0.588,0,3441.0,0.551,RENT,credit_card,0
21,43837.19,8,0,0.834,0,500.0,0.525,RENT,home_improvement,0
61,48265.38,10,14,0.932,0,23265.26,0.557,MORTGAGE,debt_consolidation,0
33,44215.11,6,11,0.825,0,20908.34,0.589,MORTGAGE,debt_consolidation,0
49,35419.54,11,13,0.189,1,15880.01,0.241,RENT,car,0
61,12000.0,21,13,0.713,1,3964.8,0.185,RENT,car,1
22,45436.61,22,3,0.88,1,14198.7,0.161,OWN,home_improvement,0
21,63125.88,19,0,0.681,2,16662.35,0.435,OWN,home_improvement,0
21,44149.12,6,9,0.686,3,22044.53,0.485,MORTGAGE,other,0
27,97578.39,7,6,0.5,1,17456.88,0.118,MORTGAGE,other,0
23,55294.27,32,0,0.637,1,20974.21,0.522,OWN,home_improvement,0
57,83402.64,8,4,0.294,2,13882.82,0.521,MORTGAGE,debt_consolidation,0
47,60751.25,3,14,0.089,0,25633.34,0.396,MORTGAGE,debt_consolidation,1
64,73180.96,15,5,0.828,0,20685.57,0.29,MORTGAGE,home_improvement,0
56,61143.31,0,3,0.943,1,4317.6,0.155,RENT,credit_card,0
63,85113.26,11,9,0.857,2,27502.98,0.368,MORTGAGE,debt_consolidation,0
31,56230.67,29,9,0.334,0,26030.14,0.138,MORTGAGE,debt_consolidation,1
33,65914.66,9,4,0.094,2,19189.27,0.423,RENT,other,0
58,63059.32,24,12,0.28,2,17526.46,0.26,MORTGAGE,debt_consolidation,0
31,48657.72,17,8,0.843,1,29927.5,0.206,MORTGAGE,car,0
23,63909.61,12,2,0.656,0,500.0,0.293,RENT,other,0
50,104156.5,23,4,0.967,0,26171.02,0.369,MORTGAGE,home_improvement,0
56,49051.27,20,12,0.343,0,10714.14,0.252,RENT,debt_consolidation,1
63,64228.23,11,1,0.551,0,24856.6,0.58,MORTGAGE,car,0
61,82671.14,7,0,0.79,1,16083.38,0.073,OWN,home_improvement,0
26,80085.57,32,9,0.234,0,3813.67,0.552,OWN,debt_consolidation,1
54,55257.76,5,6,0.964,0,10531.32,0.05,OWN,home_improvement,0
58,12000.0,33,3,0.592,0,24195.56,0.169,MORTGAGE,debt_consolidation,1
51,66367.46,16,7,0.008,1,13108.13,0.618,MORTGAGE,home_improvement,0
57,12000.0,34,2,0.025,0,9406.63,0.45,MORTGAGE,other,1
57,87338.62,12,5,0.882,3,9346.45,0.464,RENT,credit_card,0
40,58728.43,19,3,0.645,0,20780.23,0.449,MORTGAGE,other,0
22,76992.83,21,8,0.763,1,30755.72,0.295,MORTGAGE,credit_card,0
41,35153.55,11,10,0.784,0,500.0,0.481,MORTGAGE,car,1
29,20844.84,7,13,0.42,0,40206.16,0.135,RENT,car,0
26,60736.6,18,1,0.799,1,16833.72,0.507,RENT,debt_consolidation,0
26,54260.72,23,4,0.938,0,20222.02,0.567,RENT,other,0
51,44186.1,9,3,0.172,0,11073.64,0.522,RENT,other,1
43,56862.55,26,8,0.764,1,14968.36,0.477,RENT,credit_card,0
44,115883.59,22,7,0.308,0,16732.62,0.408,RENT,car,1
53,73359.56,5,13,0.321,0,5558.14,0.337,OWN,debt_consolidation,0
45,78088.97,32,13,0.413,1,7748.87,0.287,RENT,debt_consolidation,1
48,73566.61,1,11,0.864,1,25661.11,0.546,MORTGAGE,debt_consolidation,0
24,87548.17,22,2,0.022,0,1028.88,0.406,RENT,credit_card,1
58,50818.42,15,0,0.434,0,18969.35,0.289,OWN,debt_consolidation,1
40,12000.0,22,13,0.68,0,11665.35,0.482,MORTGAGE,debt_consolidation,1
27,50851.11,27,14,0.11,0,6353.64,0.08,OWN,other,1
56,72858.19,24,3,0.792,0,32747.39,0.497,OWN,credit_card,1
53,33664.39,22,0,0.942,1,6409.48,0.516,MORTGAGE,car,0
23,51119.95,29,10,0.091,0,4829.08,0.176,RENT,debt_consolidation,1
29,39781.07,24,8,0.153,0,13317.25,0.071,MORTGAGE,debt_consolidation,1
21,88044.64,28,13,0.974,0,8082.97,0.443,RENT,car,0
32,71488.05,14,8,0.198,0,15057.43,0.16,OWN,debt_consolidation,1
25,69333.89,7,11,0.079,0,16398.59,0.598,OWN,credit_card,0
52,68675.23,8,11,0.952,0,17111.92,0.055,RENT,other,0
43,54180.52,21,0,0.893,0,13884.98,0.176,MORTGAGE,debt_consolidation,0
64,59346.24,18,2,0.656,3,8680.54,0.133,RENT,credit_card,0
53,28925.94,2,11,0.551,1,20790.63,0.5,MORTGAGE,home_improvement,0
47,12000.0,7,2,0.919,0,13994.77,0.368,MORTGAGE,debt_consolidation,0
43,58301.78,33,3,0.656,1,10539.44,0.537,MORTGAGE,home_improvement,0
23,62127.79,25,11,0.658,0,28319.94,0.579,OWN,credit_card,0
24,81603.82,26,3,0.844,1,13908.19,0.406,RENT,debt_consolidation,0
48,89569.39,6,2,0.653,0,24827.88,0.177,MORTGAGE,credit_card,1
21,89539.97,2,0,0.504,0,26041.55,0.101,MORTGAGE,credit_card,0
22,33043.48,10,7,0.39,0,26589.06,0.526,RENT,home_improvement,0
30,47250.17,29,9,0.503,1,21220.42,0.205,RENT,other,1
59,65567.35,17,10,0.522,0,14994.3,0.541,RENT,car,0
41,110701.9,27,13,0.361,0,14423.62,0.533,MORTGAGE,credit_card,0
52,87562.18,17,9,0.448,2,12802.92,0.435,OWN,other,0
39,79626.74,17,11,0.802,1,500.0,0.402,RENT,car,0
28,46468.66,21,3,0.417,1,21469.26,0.593,RENT,debt_consolidation,0
37,35569.61,33,5,0.026,0,17200.19,0.466,MORTGAGE,debt_consolidation,0
25,72355.97,15,4,0.283,0,22429.72,0.426,RENT,debt_consolidation,0
54,30785.45,20,0,0.232,2,13946.99,0.33,RENT,debt_consolidation,0
29,49754.4,32,14,0.794,0,20983.43,0.316,MORTGAGE,credit_card,1
37,52474.89,13,3,0.449,0,2602.44,0.264,RENT,debt_consolidation,1
64,90044.07,29,6,0.28,0,4476.61,0.57,MORTGAGE,other,1
47,47196.66,18,5,0.811,0,500.0,0.401,RENT,credit_card,0
41,12000.0,30,0,0.019,0,13790.86,0.479,MORTGAGE,debt_consolidation,0
44,66097.78,16,13,0.174,1,8047.27,0.09,RENT,other,1
55,39621.52,22,3,0.827,1,6869.56,0.539,RENT,credit_card,0
32,55937.88,11,1,0.551,0,18011.87,0.28,MORTGAGE,debt_consolidation,0
49,53092.5,22,5,0.774,0,11170.44,0.455,MORTGAGE,debt_consolidation,0
59,48978.51,11,2,0.838,0,2102.18,0.072,OWN,home_improvement,0
46,72387.49,21,14,0.942,1,37902.9,0.562,RENT,credit_card,0
40,21276.97,27,2,0.063,0,14666.9,0.413,MORTGAGE,home_improvement,0
27,43625.69,15,4,0.799,0,5251.53,0.302,MORTGAGE,car,0
31,70048.83,15,4,0.709,1,8971.48,0.237,RENT,home_improvement,0
62,41490.13,11,0,0.207,0,13441.71,0.221,MORTGAGE,car,0
44,19606.25,25,0,0.932,1,13422.79,0.237,RENT,home_improvement,0
34,69708.22,20,7,0.404,0,26719.48,0.122,OWN,home_improvement,1
39,79708.08,18,3,0.888,2,14285.13,0.345,MORTGAGE,debt_consolidation,0
46,54010.11,0,1,0.605,0,31696.87,0.299,RENT,credit_card,0
44,12000.0,3,4,0.527,1,11108.19,0.297,MORTGAGE,credit_card,1
51,70531.33,0,4,0.16,0,18837.92,0.437,RENT,credit_card,0
32,18482.47,29,6,0.914,0,24197.82,0.281,MORTGAGE,credit_card,1
49,61793.58,29,14,0.557,1,25756.37,0.119,MORTGAGE,home_improvement,0
40,35475.8,2,4,0.006,0,26806.85,0.519,MORTGAGE,credit_card,0
62,29483.54,1,10,0.018,0,12551.89,0.284,RENT,credit_card,1
27,45277.98,27,11,0.778,0,14950.6,0.41,RENT,credit_card,0
27,50967.45,18,0,0.162,1,500.0,0.581,MORTGAGE,other,0
41,40827.42,10,7,0.599,0,13235.91,0.472,MORTGAGE,credit_card,0
43,67951.47,21,6,0.681,1,24821.29,0.366,MORTGAGE,home_improvement,1
51,45186.47,8,7,0.279,0,23071.53,0.35,RENT,home_improvement,0
38,76564.2,6,2,0.569,0,14221.62,0.517,MORTGAGE,credit_card,1
61,61185.81,12,6,0.24,1,30292.25,0.523,MORTGAGE,car,0
41,39653.74,31,1,0.946,1,11543.95,0.168,MORTGAGE,other,1
26,35949.32,26,14,0.86,0,8554.74,0.395,RENT,car,1
26,18755.08,6,8,0.288,0,10786.54,0.526,MORTGAGE,other,0
63,61396.13,19,0,0.529,1,4897.81,0.512,RENT,credit_card,0
26,47199.07,30,7,0.501,1,20601.56,0.139,MORTGAGE,other,0
62,12000.0,33,13,0.96,0,17596.34,0.29,MORTGAGE,car,0
33,43214.27,26,11,0.394,0,20489.82,0.335,OWN,car,0
25,35177.25,4,4,0.562,0,11270.66,0.192,RENT,car,0
34,89664.91,8,13,0.929,2,14477.34,0.464,MORTGAGE,home_improvement,0
48,17538.87,7,2,0.163,1,500.0,0.332,OWN,credit_card,0
39,23290.28,5,3,0.55,0,18386.03,0.214,RENT,credit_card,0
55,79419.33,6,2,0.106,2,15889.57,0.275,RENT,credit_card,0
47,84848.79,11,13,0.617,2,5095.25,0.561,RENT,home_improvement,0
38,38610.38,19,10,0.366,1,14058.08,0.546,MORTGAGE,debt_consolidation,0
48,41094.11,13,7,0.968,0,12679.36,0.497,RENT,home_improvement,0
63,68557.18,14,10,0.415,1,30878.81,0.573,RENT,credit_card,0
39,12000.0,8,3,0.136,0,5449.86,0.574,MORTGAGE,credit_card,0
27,14053.74,5,1,0.834,0,17982.84,0.321,MORTGAGE,debt_consolidation,0
38,48823.87,34,12,0.821,0,5183.08,0.103,OWN,debt_consolidation,0
57,89097.59,20,14,0.695,0,9979.14,0.49,MORTGAGE,home_improvement,1
30,45413.94,8,0,0.749,0,17491.37,0.398,OWN,credit_card,0
62,57220.61,28,0,0.265,0,13097.73,0.259,MORTGAGE,debt_consolidation,1
46,79943.36,29,8,0.642,0,14946.08,0.587,MORTGAGE,debt_consolidation,1
47,101351.46,33,0,0.038,1,17994.5,0.256,RENT,credit_card,0
34,42309.33,5,10,0.197,0,10556.79,0.549,OWN,debt_consolidation,1
61,54629.59,22,14,0.932,0,22957.32,0.376,OWN,debt_consolidation,0
22,95085.21,34,4,0.739,0,12250.68,0.07,MORTGAGE,home_improvement,1
34,21511.62,28,4,0.231,1,14122.0,0.543,RENT,home_improvement,0
39,77606.78,7,12,0.111,1,18251.8,0.489,RENT,other,0
42,32597.06,31,5,0.949,0,17043.0,0.403,RENT,debt_consolidation,0
41,57254.39,14,3,0.112,0,20798.05,0.388,RENT,debt_consolidation,1
27,49662.38,17,1,0.257,0,17852.68,0.17,RENT,debt_consolidation,0
30,33923.74,19,12,0.183,0,19221.28,0.168,RENT,home_improvement,1
25,33371.76,26,13,0.007,0,12071.65,0.066,RENT,debt_consolidation,1
46,61081.12,4,1,0.314,1,5381.06,0.155,OWN,debt_consolidation,0
36,76901.87,18,12,0.974,1,2151.25,0.255,MORTGAGE,credit_card,0
45,52145.8,28,2,0.342,0,500.0,0.347,MORTGAGE,credit_card,1
46,56542.49,19,2,0.504,1,30864.54,0.142,RENT,credit_card,1
51,67565.83,9,5,0.746,0,500.0,0.357,RENT,home_improvement,0
45,33624.39,1,6,0.551,0,25743.51,0.195,RENT,car,1
49,71273.24,19,12,0.744,1,7612.18,0.21,OWN,credit_card,0
46,73025.55,24,10,0.662,3,25677.97,0.631,RENT,debt_consolidation,0
49,112279.78,19,2,0.609,1,500.0,0.616,MORTGAGE,credit_card,0
48,46725.71,34,8,0.65,1,12884.15,0.516,RENT,debt_consolidation,0
34,44922.2,21,13,0.799,0,28086.22,0.08,RENT,debt_consolidation,0
31,71917.25,17,9,0.71,0,21418.89,0.451,RENT,credit_card,0
55,73020.29,1,3,0.792,2,11964.61,0.188,MORTGAGE,debt_consolidation,0
36,43228.08,19,1,0.146,0,500.0,0.363,RENT,debt_consolidation,1
45,46130.42,5,6,0.678,2,3097.6,0.582,OWN,home_improvement,0
29,66904.88,25,7,0.737,0,27502.32,0.259,RENT,car,0
39,36793.15,5,5,0.3,2,11865.83,0.601,RENT,debt_consolidation,0
44,45968.25,31,1,0.875,0,14353.58,0.44,RENT,credit_card,0
48,56971.04,10,1,0.305,0,17551.82,0.216,OWN,other,1
44,76910.65,15,7,0.244,0,3274.45,0.102,MORTGAGE,debt_consolidation,1
36,41698.83,5,14,0.867,1,18665.61,0.518,MORTGAGE,home_improvement,0
63,14467.54,7,8,0.247,0,11223.46,0.302,MORTGAGE,debt_consolidation,0
43,12834.86,32,6,0.416,0,17643.33,0.09,OWN,other,1
56,27292.91,9,13,0.368,2,9797.54,0.147,RENT,debt_consolidation,1
53,26110.31,17,10,0.898,1,841.96,0.602,MORTGAGE,debt_consolidation,0
45,51598.56,34,10,0.455,2,11153.65,0.224,MORTGAGE,other,0
60,28844.64,21,8,0.694,1,20767.0,0.602,RENT,home_improvement,1
26,39539.39,1,11,0.794,1,18546.54,0.445,RENT,debt_consolidation,0
61,37970.11,12,7,0.628,1,15278.38,0.235,MORTGAGE,car,0
58,45308.83,13,9,0.944,0,23083.19,0.261,RENT,car,1
43,84095.1,9,9,0.803,0,13167.65,0.477,RENT,credit_card,1
53,69562.85,8,11,0.4,1,15506.49,0.309,RENT,debt_consolidation,1
43,55354.85,17,13,0.951,1,10682.1,0.111,RENT,debt_consolidation,0
32,44857.42,13,4,0.525,1,23609.56,0.196,MORTGAGE,other,0
56,45468.88,10,10,0.023,1,17623.76,0.543,MORTGAGE,debt_consolidation,0
31,62210.42,14,0,0.26,0,9987.38,0.433,MORTGAGE,debt_consolidation,0
34,67851.72,12,7,0.622,0,1598.73,0.326,MORTGAGE,debt_consolidation,1
43,35032.41,8,13,0.157,1,24944.65,0.205,RENT,debt_consolidation,1
57,55802.58,15,9,0.584,0,8303.41,0.311,MORTGAGE,credit_card,1
37,12000.0,32,4,0.362,0,15648.58,0.484,OWN,credit_card,0
42,59657.7,17,9,0.534,2,36173.4,0.135,RENT,debt_consolidation,1
22,71767.28,20,5,0.002,1,22213.59,0.617,MORTGAGE,debt_consolidation,0
26,48838.49,34,6,0.848,0,29500.35,0.523,MORTGAGE,debt_consolidation,0
23,94963.59,21,3,0.362,0,10156.88,0.225,MORTGAGE,debt_consolidation,1
24,35612.75,7,9,0.14,0,24638.79,0.529,RENT,debt_consolidation,0
59,59783.69,13,2,0.438,0,15240.02,0.425,RENT,home_improvement,0
58,54211.86,17,6,0.486,1,18294.15,0.436,MORTGAGE,debt_consolidation,0
57,52793.45,16,14,0.637,0,33187.58,0.127,MORTGAGE,debt_consolidation,0
23,52484.91,5,11,0.525,0,12492.19,0.548,MORTGAGE,credit_card,0
24,57356.31,3,6,0.044,0,15173.29,0.298,MORTGAGE,home_improvement,1
33,73655.09,12,14,0.872,0,6871.07,0.492,RENT,home_improvement,0
45,85310.2,31,0,0.457,0,22996.22,0.215,MORTGAGE,other,1
35,54950.49,25,14,0.077,0,9954.36,0.219,MORTGAGE,debt_consolidation,1
42,72936.95,29,5,0.773,0,24204.39,0.581,OWN,debt_consolidation,0
28,39561.13,6,12,0.66,2,500.0,0.363,MORTGAGE,debt_consolidation,0
53,71851.02,14,14,0.649,2,19937.74,0.123,RENT,debt_consolidation,0
34,38236.19,20,9,0.427,1,9206.76,0.53,MORTGAGE,other,0
23,78994.52,15,9,0.41,0,21574.66,0.175,MORTGAGE,credit_card,0
53,103634.1,14,11,0.536,0,14877.97,0.533,RENT,car,1
60,52314.15,12,3,0.051,0,10181.95,0.554,MORTGAGE,other,1
21,12000.0,1,2,0.299,1,11520.96,0.11,RENT,car,1
40,42942.4,30,5,0.988,2,7346.51,0.41,RENT,credit_card,0
57,82101.25,32,7,0.662,0,22540.09,0.59,MORTGAGE,car,0
52,67167.69,2,11,0.419,0,5562.26,0.562,RENT,credit_card,1
58,60476.1,14,3,0.222,0,12596.29,0.339,MORTGAGE,debt_consolidation,0
39,77190.7,18,8,0.745,2,18107.16,0.464,MORTGAGE,credit_card,0
37,65657.98,27,0,0.26,0,29521.45,0.382,MORTGAGE,other,1
52,81789.95,34,0,0.162,1,14916.31,0.182,MORTGAGE,car,0
27,75227.32,14,14,0.155,0,12817.4,0.409,MORTGAGE,credit_card,0
31,88477.41,26,12,0.729,0,17462.71,0.233,RENT,car,1
47,62893.51,32,12,0.643,0,500.0,0.236,OWN,credit_card,0
50,74915.71,29,4,0.07,0,4212.19,0.281,RENT,home_improvement,1
26,48243.2,10,7,0.115,1,11621.7,0.539,MORTGAGE,debt_consolidation,1
43,41767.86,28,10,0.634,0,8583.28,0.181,MORTGAGE,debt_consolidation,1
37,92548.89,14,3,0.571,1,592.5,0.208,RENT,debt_consolidation,1
43,59756.5,0,11,0.686,0,22720.01,0.054,MORTGAGE,car,0
63,72707.37,26,10,0.178,3,17337.81,0.195,MORTGAGE,other,0
24,57722.28,29,6,0.727,2,16262.39,0.628,RENT,debt_consolidation,0
64,42096.66,12,6,0.936,0,8754.08,0.289,RENT,debt_consolidation,0
40,55241.62,15,4,0.601,0,15714.54,0.157,RENT,debt_consolidation,1
54,86591.87,12,12,0.196,2,19630.05,0.621,OWN,car,0
39,67215.28,4,14,0.68,0,12615.94,0.065,MORTGAGE,credit_card,1
34,17347.59,34,14,0.343,1,19001.15,0.336,RENT,credit_card,0
54,50264.62,0,11,0.049,0,7835.46,0.493,MORTGAGE,debt_consolidation,1
51,94210.46,19,5,0.302,0,15877.37,0.475,MORTGAGE,debt_consolidation,1
27,50296.47,0,11,0.906,0,25282.48,0.154,MORTGAGE,other,0
52,15389.47,24,3,0.411,1,26088.18,0.459,MORTGAGE,credit_card,1
54,96647.08,31,13,0.865,0,26948.3,0.392,RENT,debt_consolidation,0
38,70012.64,22,4,0.509,2,17570.12,0.461,RENT,debt_consolidation,0
61,53459.72,21,6,0.517,0,15284.53,0.196,MORTGAGE,debt_consolidation,0
49,46828.81,28,1,0.005,1,10960.9,0.516,MORTGAGE,debt_consolidation,1
35,78811.74,34,1,0.637,0,500.0,0.358,MORTGAGE,debt_consolidation,0
21,43076.37,30,5,0.108,0,2895.9,0.449,RENT,home_improvement,1
50,80261.64,8,8,0.479,0,13487.51,0.567,MORTGAGE,debt_consolidation,1
30,66928.3,19,0,0.26,1,14025.4,0.541,RENT,credit_card,0
54,60383.0,28,12,0.392,0,27710.01,0.48,MORTGAGE,credit_card,1
44,58201.33,10,1,0.537,0,26833.19,0.209,RENT,debt_consolidation,1
41,51150.7,23,14,0.014,0,8821.62,0.08,MORTGAGE,credit_card,1
28,78004.08,0,4,0.285,0,22364.93,0.366,OWN,car,1
52,35962.46,30,5,0.99,1,10706.38,0.089,RENT,debt_consolidation,1
28,19317.65,21,2,0.057,0,21143.55,0.443,MORTGAGE,car,0
39,68517.68,26,12,0.319,0,22254.16,0.455,MORTGAGE,debt_consolidation,1
57,68887.24,28,10,0.321,1,26178.84,0.38,RENT,debt_consolidation,0
61,65565.31,7,1,0.379,2,10566.21,0.182,RENT,debt_consolidation,0
64,63970.02,15,1,0.685,1,24128.73,0.552,MORTGAGE,home_improvement,0
63,47948.11,30,9,0.248,2,500.0,0.418,RENT,credit_card,0
45,72324.62,5,12,0.46,1,26665.94,0.353,RENT,car,0
29,53997.72,28,1,0.645,0,14774.85,0.362,OWN,debt_consolidation,1
57,44283.5,10,3,0.322,2,14966.45,0.136,MORTGAGE,home_improvement,1
56,48138.39,20,8,0.949,1,500.0,0.477,MORTGAGE,debt_consolidation,0
64,99454.07,17,1,0.98,0,11502.01,0.083,MORTGAGE,debt_consolidation,1
49,16830.53,24,4,0.12,1,27199.31,0.388,MORTGAGE,home_improvement,0
27,65995.34,29,0,0.344,2,11159.68,0.183,MORTGAGE,debt_consolidation,1
43,18059.57,12,7,0.208,0,21421.16,0.164,RENT,credit_card,1
40,52618.87,6,10,0.187,0,15311.0,0.178,RENT,credit_card,1
58,45460.2,14,6,0.491,0,24564.02,0.058,MORTGAGE,home_improvement,1
38,12000.0,21,3,0.564,0,16723.51,0.541,OWN,home_improvement,0
35,63558.83,26,6,0.426,1,6613.7,0.512,RENT,debt_consolidation,0
24,46639.16,26,7,0.273,1,15508.06,0.087,OWN,debt_consolidation,0
57,12000.0,11,2,0.279,0,29410.95,0.081,MORTGAGE,credit_card,1
54,73470.5,32,1,0.992,1,19478.81,0.501,MORTGAGE,debt_consolidation,1
22,86570.14,2,2,0.924,0,13951.98,0.054,RENT,debt_consolidation,0
40,87782.74,4,14,0.076,1,35301.69,0.328,RENT,debt_consolidation,0
42,62897.04,0,10,0.657,0,25432.94,0.109,MORTGAGE,credit_card,1
41,56013.28,32,1,0.457,0,22350.61,0.375,RENT,credit_card,1
61,84219.45,6,4,0.689,1,17856.08,0.619,RENT,debt_consolidation,0
27,92012.44,21,6,0.597,1,21572.46,0.165,RENT,debt_consolidation,0
34,79938.51,28,2,0.889,0,21864.59,0.576,OWN,debt_consolidation,0
28,34286.17,26,12,0.067,1,500.0,0.546,RENT,debt_consolidation,1
31,59429.59,33,14,0.35,0,18554.43,0.592,MORTGAGE,car,0
60,64669.36,1,3,0.985,0,13552.75,0.471,RENT,debt_consolidation,0
62,15188.43,14,0,0.182,0,10502.01,0.521,RENT,debt_consolidation,0
22,65325.93,17,4,0.127,0,13241.06,0.377,RENT,car,1
48,105005.82,24,8,0.729,0,997.36,0.527,MORTGAGE,credit_card,0
31,69078.6,21,12,0.777,1,500.0,0.131,MORTGAGE,debt_consolidation,0
29,87415.09,19,5,0.672,0,26218.52,0.458,RENT,car,1
33,59024.12,10,4,0.776,1,19159.42,0.416,MORTGAGE,home_improvement,0
29,53389.2,3,3,0.694,1,500.0,0.103,RENT,other,0
42,63387.97,15,0,0.136,0,9812.54,0.21,MORTGAGE,car,1
64,37051.81,9,0,0.608,0,22924.97,0.169,RENT,home_improvement,0
46,33796.95,19,6,0.777,0,12479.87,0.273,OWN,debt_consolidation,0
52,82858.7,27,9,0.866,0,26205.04,0.159,OWN,credit_card,0
42,85191.53,19,0,0.246,0,24447.77,0.201,MORTGAGE,debt_consolidation,1
21,33195.66,20,3,0.127,1,2789.6,0.233,RENT,credit_card,0
24,76295.97,1,13,0.781,0,13710.08,0.38,MORTGAGE,other,0
32,53086.88,22,14,0.257,1,10967.2,0.144,MORTGAGE,debt_consolidation,1
31,62475.79,15,9,0.032,2,2496.86,0.223,MORTGAGE,car,0
57,65124.81,4,7,0.825,0,1911.53,0.224,RENT,credit_card,1
58,76875.71,7,8,0.506,0,7745.81,0.297,MORTGAGE,debt_consolidation,1
58,56819.8,27,5,0.327,1,9231.67,0.091,RENT,car,0
49,86023.56,32,3,0.011,1,17549.07,0.62,MORTGAGE,credit_card,1
45,61807.08,17,5,0.035,0,24397.92,0.215,RENT,credit_card,1
49,68732.05,34,10,0.793,1,19622.8,0.228,MORTGAGE,credit_card,1
38,36668.22,6,9,0.49,0,21753.35,0.355,RENT,debt_consolidation,0
50,102490.5,10,10,0.15,1,12600.44,0.54,RENT,debt_consolidation,1
55,65336.15,32,9,0.359,2,20427.0,0.341,RENT,home_improvement,0
54,70685.94,6,0,0.165,0,13664.63,0.187,OWN,car,1
48,19619.91,23,9,0.113,0,11026.75,0.361,MORTGAGE,home_improvement,1
23,36900.56,7,13,0.276,3,32073.91,0.376,MORTGAGE,car,0
52,82233.44,11,9,0.55,0,500.0,0.283,MORTGAGE,car,0
37,61311.6,16,8,0.21,0,500.0,0.591,MORTGAGE,debt_consolidation,0
53,12896.85,12,3,0.344,0,18444.3,0.598,RENT,car,0
44,77842.38,30,11,0.478,1,12615.16,0.379,MORTGAGE,car,0
59,43036.78,34,6,0.42,0,2067.14,0.087,RENT,debt_consolidation,1
35,86048.97,17,3,0.129,0,5508.5,0.362,MORTGAGE,credit_card,1
61,53067.62,18,7,0.039,0,6680.35,0.574,RENT,home_improvement,0
58,59503.55,1,1,0.035,0,23031.03,0.559,OWN,other,0
35,80937.0,8,13,0.35,0,25911.69,0.169,MORTGAGE,other,0
42,35255.15,1,10,0.719,2,29756.06,0.195,RENT,credit_card,1
44,33157.37,29,4,0.131,1,698.9,0.154,MORTGAGE,car,0
54,50677.03,7,11,0.787,1,2695.89,0.521,RENT,credit_card,0
51,73197.8,11,0,0.716,1,2079.36,0.34,RENT,car,0
58,25720.7,29,5,0.004,0,26599.71,0.236,OWN,home_improvement,0
37,18303.24,24,9,0.027,1,18755.02,0.249,MORTGAGE,other,1
43,73121.86,21,0,0.195,1,15721.79,0.221,MORTGAGE,other,1
39,41734.48,1,10,0.056,0,17066.66,0.535,MORTGAGE,debt_consolidation,1
61,46371.03,19,12,0.531,1,14489.0,0.295,RENT,other,0
34,14150.17,19,8,0.04,0,4909.72,0.184,RENT,home_improvement,1
46,40062.46,11,3,0.803,0,19618.56,0.441,MORTGAGE,debt_consolidation,0
26,54833.52,26,11,0.493,0,13324.75,0.4,MORTGAGE,debt_consolidation,0
58,75468.31,32,5,0.728,0,4197.11,0.443,RENT,home_improvement,0
37,38032.94,9,11,0.751,0,20168.57,0.502,RENT,debt_consolidation,0
35,91462.27,11,9,0.507,1,11167.91,0.126,RENT,debt_consolidation,1
46,39939.77,11,1,0.925,1,17047.35,0.071,RENT,credit_card,0
42,39971.98,29,1,0.99,0,13875.19,0.078,RENT,debt_consolidation,1
58,88821.87,2,0,0.359,2,23022.41,0.479,RENT,credit_card,0
44,59652.12,31,1,0.126,0,16981.47,0.564,MORTGAGE,car,0
43,42855.46,27,4,0.363,1,7046.7,0.252,RENT,debt_consolidation,0
25,51587.07,16,0,0.223,1,17898.03,0.5,RENT,home_improvement,1
21,84767.62,20,14,0.531,2,18192.2,0.491,MORTGAGE,debt_consolidation,0
38,87256.46,31,13,0.378,2,19602.0,0.628,MORTGAGE,car,0
64,37030.55,26,2,0.48,1,24322.87,0.329,RENT,credit_card,1
61,54066.46,9,4,0.763,0,9456.15,0.141,RENT,car,1
48,56983.45,1,11,0.274,0,21011.42,0.471,MORTGAGE,home_improvement,0
48,33302.72,23,9,0.537,0,500.0,0.5,RENT,car,1
38,53774.93,5,8,0.335,0,13920.14,0.439,RENT,credit_card,1
28,55117.1,3,14,0.785,0,12528.06,0.525,MORTGAGE,credit_card,0
21,80084.61,34,9,0.64,0,28030.61,0.254,RENT,debt_consolidation,1
35,81563.35,16,10,0.009,3,13592.98,0.49,MORTGAGE,credit_card,0
34,47757.39,22,7,0.66,0,20471.9,0.195,MORTGAGE,credit_card,1
29,50293.03,7,7,0.17,1,500.0,0.316,RENT,home_improvement,1
32,69614.43,3,4,0.724,2,11834.18,0.223,RENT,debt_consolidation,0
22,42125.85,2,7,0.567,0,7382.76,0.135,OWN,credit_card,1
47,67950.08,12,13,0.401,0,37279.6,0.07,MORTGAGE,credit_card,1
61,53066.06,0,5,0.694,0,8998.83,0.419,OWN,credit_card,0
51,33673.23,14,1,0.857,0,15659.51,0.531,MORTGAGE,home_improvement,0
40,33949.59,11,8,0.779,1,16139.18,0.243,RENT,credit_card,0
39,86835.29,18,11,0.545,0,694.7,0.286,RENT,credit_card,1
34,51558.73,20,14,0.723,0,10265.68,0.052,RENT,credit_card,0
27,91087.79,10,8,0.414,0,18642.9,0.277,MORTGAGE,car,1
47,43700.0,15,11,0.789,0,15771.5,0.205,RENT,car,0
45,61406.51,2,3,0.829,1,500.0,0.386,MORTGAGE,debt_consolidation,0
21,107638.89,10,6,0.137,1,9897.08,0.57,MORTGAGE,debt_consolidation,1
39,31737.49,34,6,0.238,0,24187.39,0.328,MORTGAGE,home_improvement,1
33,13248.08,34,4,0.27,2,20294.01,0.462,MORTGAGE,car,0
28,83304.98,17,10,0.166,0,25962.3,0.438,RENT,debt_consolidation,1
51,36810.2,32,13,0.393,1,6129.17,0.154,RENT,credit_card,1
44,54544.46,17,4,0.193,0,26528.37,0.241,MORTGAGE,debt_consolidation,1
48,42109.8,4,2,0.596,1,14600.35,0.132,MORTGAGE,car,1
52,60899.58,30,12,0.102,1,29330.0,0.312,MORTGAGE,debt_consolidation,0
64,34088.2,14,12,0.27,0,15029.74,0.538,MORTGAGE,car,1
56,51041.32,21,14,0.666,0,500.0,0.315,MORTGAGE,home_improvement,1
48,64895.94,22,3,0.399,2,22643.29,0.341,RENT,car,0
59,32817.2,10,10,0.421,0,11008.38,0.165,RENT,other,0
42,39598.15,25,10,0.798,0,11613.93,0.221,OWN,credit_card,1
64,47357.58,17,11,0.985,0,1922.13,0.565,MORTGAGE,home_improvement,0
54,23566.06,12,12,0.565,1,29599.8,0.237,MORTGAGE,home_improvement,1
49,45703.66,10,14,0.079,0,10310.09,0.452,RENT,car,0
60,57613.52,26,7,0.103,0,29175.32,0.073,MORTGAGE,credit_card,1
43,46209.92,8,1,0.969,1,11118.81,0.141,RENT,debt_consolidation,0
52,49029.72,4,2,0.679,1,6650.29,0.241,RENT,other,0
33,54562.16,30,13,0.752,1,26875.76,0.566,RENT,debt_consolidation,0
63,40573.64,11,12,0.676,2,14339.99,0.211,MORTGAGE,other,0
48,70203.38,22,0,0.18,1,14427.85,0.47,RENT,debt_consolidation,0
55,86591.52,25,5,0.448,1,3465.37,0.162,RENT,credit_card,1
41,44783.63,29,3,0.798,0,10881.39,0.387,RENT,other,0
59,65674.36,21,4,0.866,1,18858.26,0.393,RENT,home_improvement,0
24,49728.42,24,9,0.237,0,3307.38,0.392,MORTGAGE,credit_card,0
26,63040.72,29,7,0.596,0,10148.21,0.207,MORTGAGE,debt_consolidation,1
43,89447.15,33,7,0.157,0,11215.98,0.139,MORTGAGE,debt_consolidation,1
53,66190.51,1,6,0.958,1,15597.97,0.558,RENT,debt_consolidation,0
56,15984.88,26,9,0.252,1,28316.04,0.383,MORTGAGE,credit_card,0
40,64987.9,6,10,0.727,0,12300.42,0.167,RENT,credit_card,0
49,82123.0,31,0,0.231,0,8785.49,0.277,MORTGAGE,debt_consolidation,1
45,50124.88,1,2,0.616,0,39717.34,0.087,OWN,credit_card,1
63,76903.97,8,5,0.659,1,11101.33,0.331,MORTGAGE,other,0
49,39817.46,6,6,0.328,0,13284.08,0.283,OWN,car,1
39,22318.14,21,14,0.819,1,11779.38,0.143,RENT,credit_card,0
63,58105.72,0,13,0.885,0,12509.08,0.294,MORTGAGE,other,0
25,16357.51,0,9,0.855,1,15699.79,0.422,MORTGAGE,credit_card,0
64,49725.04,17,0,0.331,2,23287.17,0.601,MORTGAGE,debt_consolidation,0
27,83310.53,34,1,0.744,0,18635.89,0.437,MORTGAGE,credit_card,0
33,12985.22,18,6,0.559,0,24693.86,0.326,RENT,car,0
57,26851.07,15,8,0.593,1,24396.26,0.494,MORTGAGE,debt_consolidation,1
53,32295.29,23,9,0.477,1,16876.97,0.224,MORTGAGE,debt_consolidation,1
63,53606.96,19,2,0.6,0,18386.81,0.418,MORTGAGE,other,0
53,46954.23,13,13,0.136,0,24978.63,0.053,RENT,home_improvement,0
49,85781.0,20,7,0.409,0,4999.11,0.09,RENT,car,1
36,75995.66,0,8,0.178,0,37483.9,0.393,OWN,home_improvement,0
21,65896.0,8,0,0.28,1,10386.73,0.176,RENT,home_improvement,0
26,58203.87,23,12,0.128,0,11841.32,0.429,RENT,debt_consolidation,1
34,63651.06,11,8,0.212,1,4092.89,0.42,RENT,car,0
22,36036.39,1,3,0.782,1,4360.64,0.105,MORTGAGE,debt_consolidation,1
43,73858.63,4,4,0.55,1,23766.31,0.286,MORTGAGE,debt_consolidation,1
55,30535.03,30,5,0.024,0,35431.74,0.387,OWN,other,1
63,73378.29,11,0,0.789,1,9894.84,0.462,MORTGAGE,debt_consolidation,0
42,81095.14,0,14,0.909,0,18125.85,0.499,RENT,debt_consolidation,0
59,59639.02,25,12,0.88,0,16981.5,0.232,RENT,debt_consolidation,0
64,51123.31,18,13,0.823,1,24002.2,0.53,RENT,car,0
58,63806.82,15,5,0.992,0,34968.43,0.245,MORTGAGE,other,0
41,12000.0,31,8,0.586,2,28688.76,0.094,OWN,debt_consolidation,0
35,61649.68,10,6,0.963,1,12852.07,0.406,RENT,credit_card,0
64,52506.21,20,7,0.949,0,19758.91,0.183,RENT,home_improvement,0
31,53886.18,26,8,0.313,0,20652.52,0.118,MORTGAGE,home_improvement,0
39,70543.72,21,6,0.863,2,14819.18,0.232,MORTGAGE,debt_consolidation,0
24,53355.08,7,11,0.792,0,5136.57,0.505,MORTGAGE,debt_consolidation,0
55,29915.45,23,0,0.776,0,7811.01,0.553,MORTGAGE,credit_card,0
49,51889.14,26,2,0.896,0,25333.37,0.579,RENT,debt_consolidation,0
24,56486.22,4,13,0.384,0,26261.77,0.217,MORTGAGE,car,0
30,57528.55,5,13,0.4,1,13131.89,0.321,RENT,debt_consolidation,1
45,58562.23,23,12,0.64,1,17349.5,0.511,MORTGAGE,car,0
44,77866.12,4,5,0.738,0,25775.37,0.225,RENT,home_improvement,1
56,31107.24,30,6,0.88,0,500.0,0.262,MORTGAGE,home_improvement,0
32,58865.41,3,0,0.876,1,10982.83,0.201,OWN,car,0
61,83378.45,34,4,0.721,0,33160.84,0.365,MORTGAGE,debt_consolidation,1
40,16838.55,23,10,0.957,0,17693.77,0.413,RENT,debt_consolidation,0
57,58952.23,15,5,0.179,2,4837.06,0.265,OWN,credit_card,0
31,42121.67,9,7,0.95,0,16055.54,0.063,RENT,car,0
22,46844.37,12,1,0.064,0,24192.92,0.455,MORTGAGE,car,1
23,35094.23,26,7,0.556,0,500.0,0.389,RENT,credit_card,1
37,51269.88,26,10,0.09,1,16586.57,0.19,OWN,car,0
62,95507.62,7,8,0.568,2,11648.27,0.263,RENT,debt_consolidation,0
23,27182.53,19,8,0.39,0,500.0,0.576,RENT,debt_consolidation,0
37,29268.58,34,13,0.082,1,15737.35,0.417,OWN,debt_consolidation,0
25,26357.44,9,3,0.648,0,13771.68,0.378,MORTGAGE,other,0
61,93003.2,24,4,0.731,1,14783.19,0.422,RENT,credit_card,0
50,44828.53,6,9,0.174,0,11865.65,0.575,RENT,credit_card,0
54,54435.94,29,7,0.694,0,5807.96,0.237,RENT,home_improvement,1
52,46138.78,5,14,0.179,0,1906.77,0.205,RENT,debt_consolidation,0
49,34222.7,10,0,0.137,1,8783.79,0.277,MORTGAGE,debt_consolidation,0
55,49826.69,16,1,0.147,1,22733.27,0.511,MORTGAGE,debt_consolidation,0
21,109081.36,12,5,0.599,0,17097.63,0.117,OWN,debt_consolidation,0
59,85625.56,5,6,0.779,0,14377.44,0.164,MORTGAGE,credit_card,1
53,36235.37,22,13,0.597,0,5642.09,0.176,OWN,debt_consolidation,0
53,69246.63,0,7,0.809,1,11634.77,0.42,MORTGAGE,car,0
38,36706.5,34,6,0.591,2,21634.42,0.443,RENT,car,0
56,15919.91,1,2,0.797,1,19543.05,0.275,MORTGAGE,other,0
37,77429.24,11,6,0.977,1,10705.21,0.222,RENT,debt_consolidation,0
23,80522.04,32,7,0.391,1,500.0,0.485,RENT,credit_card,1
60,78013.15,5,8,0.15,3,8926.37,0.127,MORTGAGE,debt_consolidation,0
31,44662.96,2,9,0.135,0,10655.75,0.456,MORTGAGE,debt_consolidation,0
25,51330.93,26,6,0.597,1,6836.05,0.186,RENT,home_improvement,0
48,71494.84,2,2,0.547,1,11281.42,0.567,RENT,credit_card,0
31,63612.91,31,2,0.184,2,22348.95,0.318,RENT,home_improvement,1
58,46339.98,15,2,0.882,0,14664.33,0.403,MORTGAGE,car,0
40,19380.42,30,9,0.957,1,23907.26,0.137,RENT,debt_consolidation,0
21,57505.25,8,12,0.253,1,1424.65,0.21,OWN,other,0
62,78738.21,4,13,0.207,0,12254.42,0.435,MORTGAGE,debt_consolidation,1
43,28653.06,33,4,0.214,0,500.0,0.353,RENT,other,1
32,69052.71,26,1,0.387,3,11160.8,0.534,MORTGAGE,home_improvement,1
50,62293.92,31,9,0.853,1,5589.08,0.38,OWN,debt_consolidation,0
44,71503.26,11,0,0.596,1,26531.28,0.383,MORTGAGE,credit_card,0
22,74183.46,14,9,0.068,0,18687.41,0.522,MORTGAGE,debt_consolidation,0
54,39721.76,20,5,0.473,0,24133.47,0.284,RENT,car,0
38,19426.89,15,12,0.09,1,11135.87,0.562,MORTGAGE,debt_consolidation,0
51,43262.57,8,9,0.406,2,5822.54,0.295,MORTGAGE,car,0
60,74560.8,13,11,0.404,0,5535.93,0.231,OWN,debt_consolidation,1
47,43075.91,21,6,0.648,1,17388.95,0.499,MORTGAGE,other,0
50,39731.05,1,12,0.549,1,31291.45,0.076,MORTGAGE,debt_consolidation,0
32,14930.29,11,7,0.875,0,18711.44,0.145,RENT,home_improvement,0
31,93558.25,10,9,0.016,1,11627.09,0.109,RENT,car,1
39,73165.7,2,5,0.774,0,13301.06,0.332,RENT,debt_consolidation,1
58,71937.71,4,6,0.023,0,14718.3,0.395,RENT,debt_consolidation,0
44,76289.96,17,12,0.304,0,33239.78,0.056,MORTGAGE,credit_card,1
36,67687.58,3,5,0.88,1,26102.48,0.159,RENT,home_improvement,0
55,49624.77,12,0,0.69,0,17339.63,0.216,MORTGAGE,car,0
58,51397.19,19,5,0.172,0,15987.59,0.212,MORTGAGE,debt_consolidation,1
60,45593.58,30,5,0.491,0,17694.18,0.103,RENT,car,1
34,112964.3,3,6,0.722,0,19448.48,0.145,MORTGAGE,other,1
52,67230.06,15,1,0.937,1,11281.22,0.536,RENT,car,0
46,44796.39,3,1,0.634,1,7403.29,0.455,RENT,debt_consolidation,0
40,65240.93,15,4,0.025,0,24289.98,0.213,OWN,debt_consolidation,0
38,32760.88,16,6,0.5,0,15197.84,0.195,RENT,other,1
26,88099.15,27,0,0.153,2,23538.55,0.134,RENT,home_improvement,1
33,40456.48,15,5,0.048,1,29815.43,0.262,MORTGAGE,home_improvement,0
45,66023.88,32,4,0.599,1,19685.53,0.289,RENT,other,0
60,78451.51,4,0,0.777,0,18226.94,0.547,RENT,debt_consolidation,1
59,63464.91,1,3,0.036,0,43802.19,0.459,MORTGAGE,car,1
29,57078.34,0,4,0.784,0,16863.18,0.314,MORTGAGE,home_improvement,1
50,55237.65,12,2,0.706,1,5185.08,0.144,MORTGAGE,car,0
24,53758.3,6,11,0.752,1,12468.97,0.431,OWN,car,0
50,42312.63,3,1,0.245,1,28965.16,0.585,RENT,credit_card,0
36,45111.36,8,8,0.394,1,3352.49,0.113,MORTGAGE,debt_consolidation,1
40,87550.99,34,9,0.12,0,8227.86,0.517,RENT,other,1
52,52612.19,28,12,0.239,0,24957.84,0.149,RENT,car,1
39,37712.48,0,8,0.303,1,12555.41,0.456,OWN,credit_card,0
56,43641.45,32,8,0.319,2,14007.79,0.191,MORTGAGE,other,1
44,79208.15,7,11,0.175,0,24660.36,0.38,RENT,debt_consolidation,1
64,69863.35,14,12,0.189,0,8548.61,0.181,RENT,credit_card,1
49,67327.24,11,3,0.901,0,1782.58,0.348,RENT,other,0
34,49334.53,14,11,0.784,0,2500.03,0.38,MORTGAGE,home_improvement,0
55,67613.97,26,6,0.344,1,20236.02,0.41,RENT,car,0
38,40841.66,24,1,0.948,0,17332.19,0.426,OWN,car,0
44,49288.49,20,9,0.239,1,8766.9,0.108,RENT,credit_card,1
27,76335.7,21,14,0.407,1,4570.88,0.457,RENT,debt_consolidation,1
26,74234.11,25,2,0.814,0,12564.84,0.135,OWN,car,1
46,33397.98,6,0,0.443,0,25048.66,0.422,OWN,credit_card,1
29,36178.42,13,13,0.235,2,7477.64,0.158,RENT,credit_card,1
64,57391.45,3,8,0.369,1,9035.84,0.334,MORTGAGE,credit_card,0
58,92974.91,24,3,0.501,0,4285.31,0.263,OWN,debt_consolidation,0
51,12857.57,15,11,0.621,1,11693.28,0.602,MORTGAGE,debt_consolidation,0
53,61123.32,22,5,0.406,1,18042.71,0.417,MORTGAGE,home_improvement,0
47,24727.05,19,4,0.431,1,34036.52,0.119,MORTGAGE,car,0
23,41044.72,9,4,0.264,0,16960.03,0.435,OWN,credit_card,0
38,46982.57,4,8,0.535,0,14516.9,0.157,MORTGAGE,debt_consolidation,0
42,45748.82,34,2,0.219,0,22766.43,0.207,RENT,credit_card,1
61,43256.49,10,5,0.868,1,21265.94,0.278,MORTGAGE,car,0
30,55158.56,3,4,0.747,1,9801.05,0.497,MORTGAGE,debt_consolidation,0
42,43224.38,10,0,0.41,0,35718.54,0.569,MORTGAGE,credit_card,0
36,22825.94,31,11,0.747,0,14780.55,0.558,RENT,home_improvement,0
26,72157.13,9,0,0.007,0,17127.38,0.144,MORTGAGE,credit_card,0
25,71563.19,34,14,0.344,1,19962.14,0.103,MORTGAGE,home_improvement,0
37,73549.83,16,1,0.44,0,18112.85,0.506,OWN,car,1
24,21103.84,30,5,0.47,0,28728.58,0.209,RENT,debt_consolidation,0
23,61576.2,22,1,0.749,0,9690.82,0.371,MORTGAGE,debt_consolidation,1
36,69871.53,1,5,0.963,0,22050.44,0.588,MORTGAGE,debt_consolidation,0
29,32313.55,17,9,0.38,1,16481.12,0.173,RENT,home_improvement,1
45,55201.81,14,1,0.351,0,23844.51,0.256,MORTGAGE,other,1
21,52442.13,7,7,0.611,2,13065.13,0.567,RENT,home_improvement,0
34,95527.31,19,11,0.281,2,11846.26,0.447,MORTGAGE,other,0
40,97338.91,3,6,0.141,0,21588.66,0.566,MORTGAGE,home_improvement,0
63,18384.16,24,1,0.962,3,18221.94,0.457,RENT,debt_consolidation,0
48,109866.39,28,10,0.81,1,7617.35,0.237,MORTGAGE,debt_consolidation,1
59,34865.03,3,2,0.958,2,27110.51,0.533,OWN,home_improvement,0
36,76574.81,16,0,0.218,0,21592.58,0.468,RENT,home_improvement,0
40,76350.96,22,6,0.018,1,14332.16,0.583,OWN,credit_card,0
39,33094.82,2,4,0.437,0,10785.92,0.312,RENT,credit_card,0
60,65851.89,13,0,0.934,1,18277.18,0.347,RENT,credit_card,0
63,52634.26,9,11,0.138,0,20944.37,0.228,MORTGAGE,debt_consolidation,1
63,67195.26,1,8,0.117,0,653.32,0.198,RENT,home_improvement,0
54,60074.79,28,13,0.069,1,18381.13,0.618,OWN,home_improvement,1
43,81319.47,15,7,0.765,1,20872.99,0.607,MORTGAGE,car,0
44,56658.79,26,6,0.786,2,500.0,0.381,MORTGAGE,debt_consolidation,0
64,51306.77,20,12,0.695,0,16765.71,0.575,MORTGAGE,car,0
33,79113.41,30,1,0.053,0,21251.48,0.246,MORTGAGE,debt_consolidation,1
36,67768.71,34,5,0.723,0,20227.9,0.517,MORTGAGE,debt_consolidation,0
60,71099.89,21,11,0.449,1,22222.04,0.419,MORTGAGE,car,0
37,40379.09,12,4,0.158,0,12051.9,0.444,MORTGAGE,other,1
31,32004.22,14,13,0.295,1,5640.84,0.465,MORTGAGE,other,0
45,42510.11,28,4,0.501,0,500.0,0.4,RENT,debt_consolidation,0
35,41341.93,14,6,0.33,0,24830.01,0.519,MORTGAGE,debt_consolidation,0
60,72296.38,18,13,0.97,0,21327.59,0.266,RENT,car,0
60,76471.65,6,3,0.475,1,25516.4,0.537,RENT,car,0
34,51587.13,34,14,0.372,1,8473.73,0.171,RENT,credit_card,1
44,86480.22,22,0,0.673,1,22234.53,0.18,RENT,debt_consolidation,0
64,85106.33,11,3,0.651,0,1475.87,0.445,RENT,credit_card,0
53,60354.78,20,8,0.002,0,7174.56,0.463,MORTGAGE,debt_consolidation,0
30,36918.38,14,8,0.618,0,16133.79,0.546,MORTGAGE,debt_consolidation,0
46,89658.29,5,13,0.244,0,20968.87,0.201,RENT,home_improvement,1
48,53657.62,30,14,0.375,0,30111.11,0.081,OWN,debt_consolidation,1
49,57775.63,30,10,0.706,1,12839.42,0.349,OWN,home_improvement,1
22,47528.69,29,9,0.557,1,7208.25,0.551,OWN,home_improvement,0
34,35424.61,12,4,0.369,0,6745.66,0.584,RENT,credit_card,1
58,22689.93,8,12,0.167,1,8809.39,0.542,RENT,credit_card,0
31,68923.1,1,9,0.505,2,34989.24,0.359,MORTGAGE,other,1
34,37765.18,25,0,0.319,0,21811.86,0.525,MORTGAGE,credit_card,0
35,122309.69,11,12,0.913,1,25012.79,0.188,MORTGAGE,car,0
28,31106.38,31,5,0.534,0,12849.13,0.557,MORTGAGE,credit_card,0
27,27337.59,30,7,0.866,0,14985.16,0.362,MORTGAGE,credit_card,0
36,66223.05,4,7,0.39,0,21293.38,0.264,OWN,other,0
59,88644.9,32,12,0.827,2,10447.81,0.41,MORTGAGE,debt_consolidation,0
21,56420.97,4,4,0.057,1,12378.23,0.501,OWN,debt_consolidation,0
33,67589.33,17,5,0.298,2,8927.66,0.222,MORTGAGE,other,0
23,14441.96,16,0,0.078,0,10972.57,0.106,RENT,credit_card,0
45,40094.75,33,5,0.032,1,15440.81,0.473,MORTGAGE,debt_consolidation,1
32,31380.45,23,1,0.919,3,7604.61,0.634,RENT,other,0
55,13308.99,30,8,0.717,1,17573.81,0.42,RENT,debt_consolidation,0
46,57573.57,20,13,0.625,0,17561.24,0.128,OWN,home_improvement,1
55,12000.0,28,6,0.532,0,13386.76,0.404,RENT,car,0
48,25911.69,29,13,0.57,0,7552.86,0.114,MORTGAGE,car,1
40,43181.74,30,14,0.639,0,15944.67,0.217,OWN,credit_card,0
58,36711.71,14,0,0.827,2,10455.86,0.107,RENT,debt_consolidation,0
41,63720.99,13,7,0.597,0,15419.35,0.318,RENT,car,1
62,61722.76,34,7,0.749,0,24883.15,0.227,RENT,car,1
64,74663.57,26,5,0.281,0,3723.54,0.104,MORTGAGE,debt_consolidation,1
46,71552.44,32,12,0.977,0,34561.38,0.22,RENT,debt_consolidation,1
50,80097.88,20,5,0.032,1,14347.29,0.426,RENT,credit_card,0
32,54957.8,32,0,0.387,2,18706.55,0.249,MORTGAGE,debt_consolidation,1
56,61676.27,25,8,0.882,1,8225.25,0.149,RENT,car,1
50,66253.3,25,3,0.181,0,25279.9,0.35,MORTGAGE,other,1
60,58116.45,6,5,0.141,0,13869.36,0.464,RENT,debt_consolidation,1
32,46261.73,19,7,0.365,0,11452.94,0.507,MORTGAGE,other,0
55,47686.26,25,10,0.428,0,9820.36,0.31,MORTGAGE,car,0
41,37013.72,26,4,0.933,0,12583.57,0.441,RENT,home_improvement,0
29,64275.57,33,5,0.836,0,18765.13,0.508,RENT,other,0
28,52931.67,11,1,0.464,1,16555.3,0.44,RENT,debt_consolidation,0
45,40410.18,10,5,0.973,0,14641.26,0.34,RENT,other,0
35,40430.61,33,8,0.642,2,8597.21,0.123,RENT,debt_consolidation,1
25,28371.23,34,9,0.874,1,8077.44,0.23,MORTGAGE,credit_card,0
39,76534.51,6,4,0.246,0,10852.13,0.226,RENT,credit_card,1
49,56729.59,13,0,0.489,0,19142.48,0.267,RENT,debt_consolidation,0
35,36018.4,33,8,0.03,0,20960.34,0.573,RENT,home_improvement,1
63,72788.05,6,9,0.009,1,22173.4,0.185,MORTGAGE,credit_card,0
55,42670.13,27,1,0.705,1,14986.8,0.368,RENT,credit_card,0
43,24056.99,3,7,0.118,1,18452.06,0.615,MORTGAGE,credit_card,0
62,77466.89,6,1,0.548,0,13483.94,0.39,MORTGAGE,debt_consolidation,1
40,43183.87,27,6,0.696,2,500.0,0.205,RENT,debt_consolidation,1
27,46004.22,21,9,0.032,0,13056.66,0.578,RENT,debt_consolidation,0
22,55905.96,19,10,0.449,1,11622.06,0.255,RENT,other,0
62,80136.96,29,10,0.684,1,5648.59,0.096,MORTGAGE,car,0
63,55440.82,10,11,0.89,0,9893.45,0.287,RENT,credit_card,0
53,28619.42,17,3,0.299,0,16215.82,0.182,RENT,home_improvement,1
25,66965.29,21,12,0.974,1,4800.78,0.52,OWN,home_improvement,0
33,44330.23,25,5,0.845,0,8602.93,0.171,MORTGAGE,debt_consolidation,0
22,96534.33,11,5,0.651,1,28931.12,0.521,RENT,debt_consolidation,0
23,54975.37,22,11,0.392,0,575.64,0.07,OWN,credit_card,0
31,12000.0,15,4,0.711,1,13351.36,0.581,RENT,debt_consolidation,0
46,62862.03,18,1,0.816,0,4503.22,0.073,RENT,car,1
23,97781.15,30,10,0.303,1,8235.27,0.586,RENT,debt_consolidation,1
64,89670.25,13,9,0.993,0,13220.36,0.091,OWN,credit_card,1
41,95280.99,23,8,0.909,1,6111.81,0.55,RENT,credit_card,0
32,32565.28,32,2,0.486,1,20165.38,0.527,MORTGAGE,home_improvement,0
43,75067.35,26,9,0.723,0,27160.36,0.377,MORTGAGE,other,0
55,39116.12,34,2,0.524,1,22575.1,0.09,MORTGAGE,credit_card,1
34,59934.37,20,8,0.761,3,24221.52,0.452,RENT,debt_consolidation,0
23,26995.05,9,7,0.827,0,2582.38,0.39,RENT,home_improvement,0
23,40821.97,34,11,0.023,1,12812.36,0.376,MORTGAGE,debt_consolidation,1
58,40122.57,22,14,0.079,2,19206.79,0.437,RENT,debt_consolidation,0
25,74768.22,8,2,0.336,0,22840.72,0.582,MORTGAGE,home_improvement,0
48,72615.82,11,1,0.918,1,30780.18,0.618,RENT,debt_consolidation,0
37,61090.03,9,8,0.398,0,24621.36,0.336,MORTGAGE,debt_consolidation,1
55,25290.73,29,14,0.888,1,23068.4,0.12,MORTGAGE,credit_card,0
23,48143.93,3,2,0.462,0,38702.36,0.124,MORTGAGE,credit_card,1
60,38585.44,25,7,0.289,0,15866.78,0.446,MORTGAGE,other,1
51,74132.87,19,6,0.901,2,12398.47,0.63,RENT,debt_consolidation,0
40,80920.07,2,4,0.561,0,16596.22,0.29,RENT,credit_card,0
30,78240.48,21,9,0.36,2,6764.53,0.144,RENT,home_improvement,0
63,38385.17,26,4,0.044,0,15608.7,0.244,MORTGAGE,car,1
34,12000.0,25,7,0.111,0,500.0,0.262,RENT,debt_consolidation,0
42,16126.84,18,12,0.139,0,10234.33,0.598,RENT,home_improvement,0
38,86275.79,11,5,0.365,0,13962.0,0.428,RENT,home_improvement,1
31,46172.39,5,0,0.607,0,23546.72,0.115,RENT,debt_consolidation,0
39,38484.06,0,13,0.308,1,24999.81,0.255,MORTGAGE,debt_consolidation,0
27,91138.53,12,4,0.066,1,6327.45,0.097,MORTGAGE,home_improvement,1
21,82833.52,22,11,0.265,1,33684.3,0.429,RENT,debt_consolidation,1
33,55537.87,1,11,0.409,1,16335.36,0.44,RENT,debt_consolidation,0
25,48545.13,34,7,0.992,1,17160.4,0.102,MORTGAGE,credit_card,1
39,52093.77,20,1,0.393,0,500.0,0.235,MORTGAGE,debt_consolidation,0
58,59997.58,10,14,0.089,1,9419.48,0.567,MORTGAGE,debt_consolidation,1
28,90201.04,33,10,0.581,1,24448.41,0.525,MORTGAGE,credit_card,0
21,64294.28,6,6,0.92,0,16528.01,0.366,MORTGAGE,car,0
25,70972.64,33,12,0.787,1,15970.33,0.337,MORTGAGE,car,0
43,80723.94,9,11,0.836,1,17044.55,0.616,OWN,debt_consolidation,0
33,29267.13,13,11,0.928,2,2011.16,0.487,MORTGAGE,debt_consolidation,0
42,71606.96,14,2,0.637,0,14130.52,0.574,MORTGAGE,other,0
22,48519.49,34,9,0.995,0,27674.97,0.089,MORTGAGE,home_improvement,0
35,12000.0,8,4,0.033,1,24780.37,0.187,RENT,home_improvement,0
39,12000.0,34,1,0.835,1,13873.21,0.087,RENT,debt_consolidation,1
39,32601.41,12,5,0.857,1,29073.02,0.547,OWN,debt_consolidation,0
45,66686.91,9,1,0.917,0,3668.11,0.432,MORTGAGE,debt_consolidation,0
55,57503.59,22,1,0.478,0,6254.72,0.148,RENT,car,1
41,59056.07,24,10,0.788,0,31772.6,0.586,RENT,other,0
58,97920.76,12,7,0.195,0,20201.76,0.576,RENT,debt_consolidation,1
44,27080.03,4,5,0.603,0,12400.01,0.174,RENT,home_improvement,0
32,54396.47,13,2,0.359,1,14502.13,0.426,MORTGAGE,car,0
31,61697.58,18,11,0.596,0,7740.32,0.417,MORTGAGE,car,0
35,38801.99,1,9,0.676,0,17489.33,0.052,MORTGAGE,credit_card,0
47,55623.19,2,8,0.347,0,16776.5,0.429,RENT,debt_consolidation,1
31,19801.11,32,2,0.216,1,15178.96,0.192,RENT,other,1
61,86017.94,1,1,0.322,0,4562.19,0.546,RENT,debt_consolidation,1
42,40004.48,14,1,0.664,0,17382.8,0.511,RENT,debt_consolidation,0
58,99690.8,26,0,0.677,2,10234.4,0.588,MORTGAGE,debt_consolidation,0
51,54285.56,11,14,0.741,1,6126.2,0.487,RENT,credit_card,1
35,77617.18,17,5,0.127,1,26400.68,0.161,OWN,debt_consolidation,0
31,53827.34,3,9,0.819,1,34527.49,0.268,MORTGAGE,credit_card,0
53,54323.64,27,14,0.688,0,32483.58,0.44,RENT,other,0
35,42151.35,22,14,0.031,0,20851.1,0.228,RENT,credit_card,0
31,57620.73,29,4,0.336,0,12609.73,0.441,RENT,other,0
61,61995.97,30,7,0.467,0,14366.8,0.235,RENT,other,1
42,37746.31,12,6,0.361,0,18650.42,0.148,OWN,car,1
23,52249.02,1,0,0.117,2,11217.77,0.375,MORTGAGE,home_improvement,0
42,41577.82,12,11,0.207,0,26869.29,0.427,MORTGAGE,car,1
41,105592.61,5,8,0.025,1,500.0,0.354,MORTGAGE,credit_card,0
59,53025.92,18,5,0.093,0,12338.47,0.403,OWN,debt_consolidation,1
52,88995.11,5,8,0.266,1,22209.64,0.311,OWN,other,0
29,50696.31,32,11,0.82,0,7393.56,0.478,RENT,credit_card,0
27,60704.33,21,0,0.527,1,12838.66,0.427,RENT,other,1
47,25929.99,8,9,0.424,0,20342.79,0.366,RENT,credit_card,1
23,45164.4,32,12,0.662,2,28664.42,0.329,RENT,debt_consolidation,0
35,59631.76,26,10,0.542,1,3354.56,0.365,MORTGAGE,car,1
27,89892.08,15,9,0.132,0,2687.33,0.078,RENT,home_improvement,1
21,59883.62,5,1,0.223,0,6485.73,0.417,MORTGAGE,credit_card,1
61,85441.85,12,11,0.223,0,1162.18,0.162,RENT,car,1
24,69096.04,20,11,0.6,0,1802.59,0.523,MORTGAGE,credit_card,1
21,90802.83,26,7,0.462,1,6246.05,0.517,RENT,debt_consolidation,0
62,53701.07,9,8,0.388,1,26101.44,0.36,RENT,home_improvement,0
29,107584.9,25,9,0.557,1,12191.31,0.536,MORTGAGE,debt_consolidation,0
56,44321.28,9,1,0.97,0,15282.38,0.419,RENT,credit_card,1
22,38137.84,8,3,0.314,2,6400.82,0.168,MORTGAGE,debt_consolidation,0
27,28378.84,15,11,0.52,0,20701.83,0.457,OWN,debt_consolidation,0
25,106282.54,5,14,0.48,1,31881.88,0.618,RENT,other,0
52,73027.85,14,4,0.717,0,7011.33,0.073,RENT,debt_consolidation,1
48,47649.34,12,6,0.73,1,30522.74,0.205,RENT,car,0
41,82478.5,9,13,0.729,0,18279.82,0.379,RENT,home_improvement,0
31,70129.23,27,2,0.202,2,15151.77,0.318,OWN,debt_consolidation,0
24,98254.8,11,3,0.449,0,18601.11,0.401,MORTGAGE,other,1
46,20947.68,24,0,0.811,0,18514.74,0.373,RENT,debt_consolidation,0
31,49162.08,25,3,0.382,1,31713.94,0.503,MORTGAGE,credit_card,0
46,44824.53,23,9,0.984,0,19681.99,0.089,OWN,car,0
51,12000.0,9,5,0.365,0,19869.96,0.292,RENT,car,1
58,78327.2,29,14,0.498,1,11206.5,0.543,RENT,debt_consolidation,0
42,49051.28,8,13,0.475,1,22551.69,0.27,MORTGAGE,car,0
21,71271.89,9,13,0.434,0,6388.38,0.327,MORTGAGE,other,1
33,106914.98,30,10,0.846,0,15981.04,0.062,RENT,credit_card,0
58,47228.64,11,10,0.155,0,40949.55,0.173,MORTGAGE,home_improvement,1
44,45734.63,24,7,0.568,0,500.0,0.305,RENT,credit_card,0
48,57610.61,1,14,0.619,0,17098.32,0.269,MORTGAGE,credit_card,0
41,76719.44,21,1,0.851,0,17444.61,0.443,MORTGAGE,credit_card,0
28,42532.31,30,10,0.609,0,12947.2,0.387,RENT,debt_consolidation,1
60,41118.84,24,2,0.96,0,13159.33,0.534,MORTGAGE,home_improvement,0
55,78258.16,20,5,0.872,0,15822.69,0.52,MORTGAGE,debt_consolidation,0
64,63330.07,29,3,0.349,0,12731.97,0.183,MORTGAGE,debt_consolidation,1
58,12000.0,10,9,0.86,0,16997.82,0.06,MORTGAGE,credit_card,0
33,28041.38,13,11,0.958,2,10611.5,0.56,MORTGAGE,debt_consolidation,0
32,88027.19,2,1,0.257,0,33201.54,0.231,RENT,credit_card,0
31,63842.42,24,9,0.61,2,12731.88,0.281,RENT,credit_card,0
61,38231.69,25,3,0.282,0,20126.5,0.137,MORTGAGE,debt_consolidation,1
45,51250.99,26,1,0.65,2,8978.68,0.471,MORTGAGE,debt_consolidation,0
40,55291.21,26,6,0.094,1,23398.29,0.224,RENT,debt_consolidation,1
63,71186.13,4,8,0.734,1,21601.21,0.167,OWN,credit_card,1
47,25118.21,23,3,0.42,0,18773.34,0.327,MORTGAGE,debt_consolidation,1
61,36499.12,26,5,0.587,1,5753.98,0.483,RENT,home_improvement,0
64,61005.03,7,14,0.026,0,8228.37,0.198,RENT,home_improvement,1
24,52803.64,16,5,0.695,0,30175.56,0.447,MORTGAGE,credit_card,1
36,67580.9,31,14,0.496,0,8128.74,0.304,RENT,debt_consolidation,1
53,27950.84,14,12,0.625,0,20768.12,0.272,OWN,debt_consolidation,0
56,62856.83,26,5,0.316,1,6497.96,0.268,MORTGAGE,debt_consolidation,0
27,79014.84,18,8,0.146,1,24075.45,0.15,RENT,debt_consolidation,1
35,65710.01,23,10,0.435,2,8822.42,0.273,RENT,other,1
45,58060.46,21,6,0.944,0,6331.31,0.534,RENT,debt_consolidation,0
56,52890.56,22,6,0.228,0,8588.92,0.106,MORTGAGE,debt_consolidation,1
25,36633.27,27,4,0.676,2,10015.78,0.617,RENT,car,0
47,53416.03,31,2,0.05,1,18642.06,0.129,MORTGAGE,other,1
34,82713.53,10,0,0.718,0,15624.45,0.249,MORTGAGE,credit_card,0
30,52381.37,32,5,0.238,1,5143.6,0.403,OWN,credit_card,1
43,35424.31,21,11,0.452,0,14748.48,0.511,RENT,debt_consolidation,1
39,44170.56,20,3,0.368,1,4708.49,0.149,RENT,car,1
48,59418.71,11,2,0.113,3,20792.02,0.188,MORTGAGE,credit_card,0
34,46782.69,14,4,0.346,0,22442.13,0.396,RENT,credit_card,0
57,65676.67,22,8,0.35,0,14784.47,0.211,RENT,debt_consolidation,0
24,66502.56,12,3,0.522,1,17444.88,0.424,OWN,credit_card,0
58,74557.63,10,3,0.972,1,30769.12,0.521,MORTGAGE,home_improvement,0
22,86318.31,28,1,0.47,0,13581.57,0.092,OWN,debt_consolidation,1
53,76908.89,14,4,0.914,2,6501.68,0.554,RENT,credit_card,0
36,34446.74,22,3,0.462,1,20212.76,0.091,MORTGAGE,debt_consolidation,0
37,35122.24,1,12,0.108,1,4806.12,0.564,MORTGAGE,car,0
21,53333.03,2,13,0.23,0,13104.88,0.587,MORTGAGE,debt_consolidation,0
51,45074.14,29,5,0.408,0,9609.09,0.417,RENT,other,0
28,29956.81,4,1,0.325,0,8683.62,0.591,MORTGAGE,credit_card,0
50,45282.78,27,1,0.866,1,12749.21,0.522,RENT,credit_card,0
52,44560.72,31,4,0.679,0,23099.02,0.074,MORTGAGE,credit_card,1
58,40219.35,16,6,0.578,0,24951.02,0.052,OWN,credit_card,1
52,48052.63,30,7,0.491,0,23335.85,0.061,MORTGAGE,debt_consolidation,1
34,80925.92,14,4,0.397,1,18027.19,0.319,RENT,credit_card,1
53,59383.24,33,5,0.612,2,12680.55,0.433,MORTGAGE,debt_consolidation,1
57,109379.8,8,4,0.125,1,500.0,0.335,MORTGAGE,debt_consolidation,1
34,58751.18,14,7,0.163,0,18308.95,0.422,RENT,car,1
26,48618.55,13,10,0.303,0,500.0,0.297,RENT,debt_consolidation,0
60,55090.92,27,0,0.171,0,500.0,0.073,MORTGAGE,car,1
27,60642.82,1,7,0.677,0,13544.99,0.174,MORTGAGE,car,0
47,64575.59,28,9,0.025,0,17381.2,0.596,OWN,home_improvement,0
31,100687.65,0,10,0.16,1,10940.24,0.26,RENT,debt_consolidation,1
26,36402.95,11,8,0.903,1,28819.78,0.249,RENT,credit_card,0
55,73899.01,20,7,0.998,1,19158.91,0.154,RENT,car,0
27,59570.51,5,10,0.488,0,12755.33,0.593,OWN,credit_card,1
50,20435.85,17,5,0.495,0,27476.79,0.177,MORTGAGE,debt_consolidation,0
51,71955.37,34,8,0.773,2,29086.02,0.446,OWN,debt_consolidation,0
23,82887.72,28,4,0.036,1,19613.03,0.093,MORTGAGE,credit_card,1
28,36142.12,1,6,0.427,1,8022.68,0.107,RENT,debt_consolidation,0
55,54803.45,20,1,0.1,1,10047.57,0.464,MORTGAGE,debt_consolidation,1
43,17042.21,20,5,0.401,0,1979.35,0.399,RENT,home_improvement,0
26,27306.26,2,2,0.984,0,14618.25,0.424,RENT,credit_card,0
64,78056.65,22,3,0.754,0,5549.63,0.177,RENT,debt_consolidation,0
32,44738.84,18,6,0.985,1,12038.33,0.612,RENT,other,0
21,30606.33,23,7,0.746,0,17345.4,0.357,RENT,debt_consolidation,0
61,60048.13,10,14,0.608,0,500.0,0.583,OWN,debt_consolidation,1
21,43506.93,8,0,0.754,2,3626.33,0.18,MORTGAGE,debt_consolidation,0
45,44641.92,25,13,0.659,0,10438.37,0.273,MORTGAGE,debt_consolidation,0
64,71265.17,25,4,0.464,1,14527.25,0.255,RENT,credit_card,1
46,29441.87,5,10,0.293,0,10554.98,0.465,MORTGAGE,debt_consolidation,1
46,35081.97,7,10,0.52,1,12565.34,0.481,RENT,car,0
38,58389.76,20,14,0.258,0,8644.32,0.318,RENT,car,1
26,76327.02,29,1,0.487,0,1955.4,0.059,RENT,debt_consolidation,0
46,82239.53,7,14,0.146,2,10187.24,0.186,RENT,car,1
60,40368.64,7,0,0.565,2,13081.48,0.118,OWN,credit_card,0
25,75622.29,28,13,0.245,0,12206.49,0.516,MORTGAGE,car,0
59,37748.87,24,9,0.294,0,16006.16,0.209,RENT,debt_consolidation,1
39,95176.61,31,7,0.499,1,18770.05,0.135,MORTGAGE,home_improvement,1
44,30057.04,27,5,0.163,0,21135.54,0.245,RENT,debt_consolidation,1
28,84226.53,33,1,0.962,0,9298.04,0.093,RENT,debt_consolidation,1
48,40557.31,6,12,0.447,1,817.83,0.608,MORTGAGE,car,0
29,99291.42,9,10,0.352,0,26444.37,0.223,MORTGAGE,debt_consolidation,1
33,68009.06,8,14,0.029,1,18469.01,0.583,MORTGAGE,credit_card,0
52,32647.64,1,10,0.843,0,6408.04,0.426,RENT,debt_consolidation,0
23,43510.75,27,14,0.626,0,17499.35,0.361,MORTGAGE,car,0
40,72185.99,23,13,0.416,0,24611.95,0.312,RENT,credit_card,1
47,78158.18,3,6,0.246,1,30562.59,0.448,RENT,debt_consolidation,1
26,53444.26,6,10,0.745,1,17255.49,0.447,RENT,home_improvement,0
33,55982.48,6,3,0.945,0,24537.04,0.056,RENT,debt_consolidation,0
36,71683.77,14,11,0.381,0,4113.58,0.549,RENT,debt_consolidation,1
50,57899.57,15,9,0.135,0,14676.88,0.252,RENT,home_improvement,1
63,26542.89,10,6,0.109,0,11984.89,0.244,MORTGAGE,other,0
57,37114.57,32,9,0.006,0,18083.13,0.274,RENT,car,1
29,60172.64,7,4,0.744,1,29500.75,0.447,RENT,debt_consolidation,0
21,81740.61,19,9,0.981,1,17249.0,0.277,OWN,debt_consolidation,0
23,90551.61,15,7,0.993,0,6560.78,0.256,OWN,car,0
47,72149.65,13,4,0.784,1,3629.05,0.105,RENT,debt_consolidation,0
27,61320.4,28,14,0.162,0,29812.02,0.279,RENT,home_improvement,0
31,71473.91,34,0,0.978,0,19624.14,0.132,RENT,credit_card,1
58,40331.48,0,11,0.328,0,19032.73,0.521,OWN,car,0
59,51628.92,16,3,0.334,1,11906.42,0.254,RENT,credit_card,1
57,36869.12,4,3,0.687,1,17410.76,0.598,RENT,other,0
32,27527.66,15,2,0.049,0,6117.36,0.426,MORTGAGE,credit_card,0
48,62338.08,21,1,0.826,0,18484.79,0.466,MORTGAGE,home_improvement,0
47,59081.29,14,1,0.997,0,4426.17,0.571,RENT,debt_consolidation,0
29,70128.35,10,12,0.775,2,11766.4,0.221,RENT,credit_card,0
45,67014.46,10,13,0.782,0,9213.96,0.362,RENT,debt_consolidation,0
44,60338.17,10,8,0.39,1,500.0,0.092,RENT,debt_consolidation,1
38,67245.57,11,0,0.066,0,11879.08,0.105,RENT,credit_card,1
54,54060.97,13,12,0.793,0,6910.2,0.252,MORTGAGE,debt_consolidation,0
50,64083.61,24,9,0.597,0,13106.49,0.425,MORTGAGE,other,1
44,39024.82,3,7,0.909,0,15015.51,0.507,MORTGAGE,car,0
52,63133.53,1,14,0.116,0,30911.39,0.191,MORTGAGE,home_improvement,0
54,69705.19,18,6,0.305,1,17742.38,0.482,MORTGAGE,credit_card,0
45,40267.01,23,5,0.361,2,18007.01,0.213,RENT,debt_consolidation,1
32,56140.31,9,11,0.683,0,19460.52,0.053,MORTGAGE,debt_consolidation,1
54,41280.74,7,7,0.788,0,22846.28,0.08,RENT,debt_consolidation,0
52,43416.85,21,10,0.961,1,19088.52,0.392,RENT,credit_card,0
64,30251.55,13,10,0.295,1,17535.42,0.343,RENT,car,1
27,82847.05,25,12,0.494,1,21401.22,0.219,MORTGAGE,debt_consolidation,1
39,78445.07,5,4,0.029,1,500.0,0.074,MORTGAGE,debt_consolidation,1
61,66823.54,4,1,0.253,1,33801.46,0.382,MORTGAGE,debt_consolidation,0
43,98388.31,19,7,0.374,1,29307.57,0.52,MORTGAGE,credit_card,0
62,50836.59,13,9,0.594,1,16954.22,0.108,MORTGAGE,debt_consolidation,0
21,121698.77,25,12,0.471,0,2282.94,0.455,RENT,credit_card,0
22,49994.35,17,4,0.364,1,25893.15,0.419,RENT,debt_consolidation,1
56,60614.25,12,11,0.624,1,8755.11,0.334,MORTGAGE,debt_consolidation,0
36,46248.89,5,12,0.829,1,19804.57,0.097,MORTGAGE,home_improvement,0
43,63191.16,5,12,0.242,0,3453.85,0.558,RENT,other,0
39,73383.53,26,12,0.343,0,35037.66,0.313,RENT,debt_consolidation,1
38,52493.84,7,14,0.705,1,2020.05,0.29,OWN,debt_consolidation,0
62,94087.84,17,9,0.778,0,15620.87,0.524,RENT,debt_consolidation,1
25,60261.28,28,5,0.825,0,500.0,0.515,OWN,car,0
54,60950.68,31,6,0.209,0,14629.0,0.45,MORTGAGE,credit_card,0
60,35002.05,9,11,0.539,1,11172.43,0.526,OWN,credit_card,0
49,64206.98,3,3,0.9,0,25234.65,0.118,RENT,credit_card,0
38,52051.4,27,9,0.392,2,11171.59,0.509,MORTGAGE,other,0
28,41618.73,24,8,0.43,1,25247.61,0.25,RENT,debt_consolidation,1
51,37917.56,11,9,0.985,1,5782.91,0.547,RENT,debt_consolidation,0
41,113778.79,20,6,0.113,0,12462.35,0.254,RENT,credit_card,1
27,49203.5,6,11,0.706,0,12642.79,0.08,RENT,credit_card,1
36,22946.32,24,1,0.85,1,19460.29,0.298,RENT,debt_consolidation,1
63,39639.13,25,11,0.151,0,18315.37,0.466,MORTGAGE,car,1
32,53865.51,10,12,0.714,1,21500.03,0.346,RENT,home_improvement,0
28,67026.67,16,13,0.47,1,17401.48,0.49,RENT,other,0
51,67205.52,11,13,0.853,0,20951.83,0.069,RENT,other,1
29,69885.52,1,5,0.907,0,6919.22,0.147,MORTGAGE,credit_card,0
61,40813.07,4,0,0.872,0,18499.19,0.36,RENT,car,0
58,62489.69,33,9,0.064,0,29473.85,0.262,MORTGAGE,home_improvement,1
64,35726.69,15,1,0.757,0,500.0,0.424,RENT,credit_card,0
61,41367.85,5,4,0.922,1,19401.07,0.599,MORTGAGE,home_improvement,0
31,34810.4,1,10,0.621,0,21091.02,0.413,MORTGAGE,other,1
30,28855.45,12,8,0.601,1,28150.68,0.3,MORTGAGE,car,1
36,78412.61,34,9,0.045,2,21534.42,0.388,MORTGAGE,home_improvement,1
41,70149.46,13,11,0.856,2,15902.84,0.592,OWN,debt_consolidation,0
59,76486.64,34,2,0.046,1,18870.66,0.44,RENT,car,1
53,55864.89,17,11,0.314,1,8384.66,0.512,RENT,credit_card,0
49,72089.77,26,8,0.926,0,11508.29,0.216,OWN,home_improvement,0
59,16251.63,27,6,0.95,1,2978.67,0.479,MORTGAGE,home_improvement,0
49,73987.93,0,6,0.992,4,28383.27,0.207,MORTGAGE,credit_card,1
37,58896.64,0,7,0.476,2,19051.42,0.502,RENT,debt_consolidation,0
39,68796.41,32,8,0.177,1,6754.99,0.555,RENT,home_improvement,0
43,63360.51,32,5,0.488,0,17442.21,0.545,OWN,debt_consolidation,1
24,33284.79,4,3,0.102,0,25434.13,0.114,MORTGAGE,debt_consolidation,0
53,22043.12,22,2,0.873,0,23935.13,0.506,RENT,debt_consolidation,1
49,39334.81,32,5,0.561,0,6651.25,0.11,RENT,home_improvement,1
53,67428.18,33,3,0.405,0,500.0,0.313,MORTGAGE,debt_consolidation,0
44,70182.01,10,7,0.08,1,18558.47,0.445,MORTGAGE,debt_consolidation,1
55,24905.27,28,13,0.405,3,7018.17,0.376,OWN,car,0
62,33415.81,22,1,0.866,0,20600.95,0.237,RENT,credit_card,0
46,39088.81,32,4,0.703,1,23552.43,0.446,RENT,car,0
40,47139.29,5,0,0.082,0,25022.7,0.413,RENT,credit_card,0
25,25034.88,21,14,0.16,0,30702.66,0.371,MORTGAGE,debt_consolidation,0
55,23714.86,0,10,0.392,1,26127.21,0.361,RENT,car,0
60,36919.62,12,3,0.101,0,30745.94,0.438,RENT,credit_card,0
51,56897.58,0,6,0.934,1,27411.54,0.292,RENT,other,0
59,29026.92,15,10,0.652,0,28195.96,0.088,RENT,debt_consolidation,1
58,52452.32,28,14,0.095,0,14632.19,0.346,MORTGAGE,car,1
56,78288.16,23,8,0.788,0,3396.06,0.448,RENT,credit_card,0
43,26360.85,11,4,0.368,1,37340.43,0.235,MORTGAGE,car,1
25,50458.19,14,10,0.245,0,15566.58,0.127,MORTGAGE,debt_consolidation,1
21,77544.65,12,10,0.57,0,26058.37,0.552,RENT,home_improvement,1
29,45798.1,25,9,0.013,2,10047.53,0.565,MORTGAGE,debt_consolidation,0
39,42379.27,9,0,0.465,1,23675.3,0.41,MORTGAGE,car,0
53,80596.91,3,10,0.844,0,500.0,0.483,MORTGAGE,debt_consolidation,0
41,48263.55,17,0,0.928,0,11306.01,0.583,MORTGAGE,credit_card,0
22,79298.89,29,13,0.343,0,14114.3,0.363,MORTGAGE,home_improvement,0
30,64437.24,16,13,0.642,0,19163.48,0.184,OWN,credit_card,0
64,47457.42,7,8,0.227,0,24648.22,0.401,MORTGAGE,car,0
64,65553.19,1,9,0.56,0,5152.71,0.553,RENT,home_improvement,0
37,62049.89,33,1,0.254,0,20939.71,0.43,MORTGAGE,debt_consolidation,0
56,77459.42,26,13,0.571,0,26040.0,0.064,MORTGAGE,car,0
52,42936.4,5,4,0.172,0,36113.2,0.554,RENT,credit_card,0
61,55906.53,2,3,0.941,0,21359.65,0.465,RENT,credit_card,0
60,53646.66,4,10,0.887,2,10864.45,0.311,MORTGAGE,debt_consolidation,0
48,70491.26,13,14,0.337,0,3554.12,0.593,RENT,credit_card,0
38,32446.06,28,7,0.777,0,31462.82,0.447,OWN,car,1
48,77373.5,5,7,0.096,0,21636.08,0.504,OWN,other,1
35,65259.23,28,8,0.74,0,14802.22,0.569,RENT,other,1
36,26027.65,0,4,0.282,0,500.0,0.072,RENT,home_improvement,0
47,81581.78,25,8,0.136,3,6619.34,0.536,OWN,debt_consolidation,0
46,104150.05,9,14,0.678,1,20681.88,0.282,RENT,credit_card,0
46,77040.35,33,5,0.47,2,18184.5,0.568,MORTGAGE,debt_consolidation,1
37,86393.66,16,11,0.53,1,500.0,0.553,RENT,home_improvement,1
39,56878.17,9,11,0.521,0,20693.51,0.506,RENT,debt_consolidation,0
21,18446.89,8,12,0.059,0,884.07,0.479,RENT,other,1
47,14429.35,28,10,0.051,0,27186.08,0.487,RENT,debt_consolidation,1
46,60611.8,14,13,0.601,0,16877.0,0.213,OWN,debt_consolidation,1
62,41976.47,12,10,0.624,0,10829.21,0.274,RENT,car,0
43,34879.32,25,14,0.047,0,23911.39,0.113,RENT,debt_consolidation,1
41,53619.57,18,10,0.378,0,18181.49,0.507,MORTGAGE,debt_consolidation,0
23,68542.88,23,12,0.613,1,26924.35,0.425,OWN,credit_card,1
29,23039.33,15,13,0.657,0,15724.28,0.387,RENT,other,1
35,45124.69,2,14,0.828,0,16249.37,0.185,MORTGAGE,debt_consolidation,1
37,88217.16,0,8,0.421,0,12432.75,0.388,RENT,credit_card,1
36,31343.66,1,10,0.548,1,17366.7,0.32,MORTGAGE,debt_consolidation,0
38,74134.75,20,14,0.579,0,30281.56,0.597,MORTGAGE,credit_card,0
54,44335.92,17,5,0.312,0,10475.12,0.525,OWN,debt_consolidation,0
26,67007.46,26,1,0.054,0,20831.6,0.339,MORTGAGE,credit_card,0
35,79141.21,31,13,0.004,3,7076.01,0.555,OWN,credit_card,0
28,71308.2,6,9,0.836,2,500.0,0.18,RENT,other,0
34,75001.51,33,6,0.2,0,16867.13,0.106,MORTGAGE,home_improvement,1
51,29664.94,32,10,0.63,0,18333.65,0.397,MORTGAGE,home_improvement,0
23,79500.51,21,0,0.577,0,14009.54,0.45,RENT,credit_card,0
35,36240.75,18,7,0.4,0,1536.14,0.079,OWN,debt_consolidation,1
22,60709.92,6,3,0.833,1,17738.71,0.181,MORTGAGE,debt_consolidation,0
63,60681.42,6,4,0.698,0,17396.82,0.345,OWN,credit_card,0
52,65672.7,0,14,0.023,1,7000.97,0.105,RENT,debt_consolidation,0
31,62413.05,22,8,0.777,3,2818.58,0.343,MORTGAGE,debt_consolidation,0
29,36436.18,15,2,0.507,0,12728.51,0.315,RENT,credit_card,1
25,25302.92,6,5,0.347,0,20876.36,0.557,OWN,debt_consolidation,0
41,74191.67,4,3,0.727,1,18749.89,0.244,RENT,debt_consolidation,0
54,59088.36,2,13,0.686,0,7072.47,0.143,MORTGAGE,credit_card,1
46,80286.29,22,4,0.311,1,16232.33,0.074,RENT,car,1
59,54015.88,23,5,0.983,0,22984.14,0.117,MORTGAGE,debt_consolidation,0
36,24086.38,22,5,0.649,0,4446.01,0.463,RENT,car,1
33,76254.85,3,2,0.606,0,15568.4,0.295,OWN,debt_consolidation,1
42,46851.85,1,11,0.07,1,27056.77,0.179,OWN,other,0
29,62524.08,3,8,0.279,0,3525.61,0.563,RENT,credit_card,1
63,40755.89,26,6,0.447,0,25399.74,0.483,MORTGAGE,credit_card,1
29,91174.64,25,5,0.631,1,29572.69,0.133,MORTGAGE,home_improvement,0
42,35715.57,10,10,0.513,0,13000.15,0.198,RENT,credit_card,1
43,47576.55,1,1,0.763,1,11912.92,0.537,RENT,credit_card,0
23,57363.87,11,13,0.263,1,24297.85,0.451,RENT,credit_card,0
41,30971.99,28,8,0.702,0,13324.83,0.57,RENT,other,0
41,62271.43,5,3,0.817,0,500.0,0.092,MORTGAGE,car,0
32,90462.03,27,8,0.765,1,14110.85,0.496,MORTGAGE,credit_card,0
26,44209.83,16,12,0.771,0,19233.64,0.092,RENT,car,0
22,63693.14,4,2,0.889,0,21660.75,0.235,OWN,debt_consolidation,0
21,12000.0,32,7,0.084,0,7074.34,0.463,RENT,credit_card,0
42,54143.56,18,8,0.697,2,12571.79,0.481,OWN,credit_card,0
24,48113.07,23,12,0.969,0,23792.17,0.051,MORTGAGE,debt_consolidation,1
63,36993.05,3,8,0.574,0,14460.01,0.161,MORTGAGE,other,0
31,78791.91,13,11,0.217,1,1241.36,0.498,MORTGAGE,car,1
49,47822.64,22,11,0.999,0,26138.74,0.119,RENT,other,1
50,51095.5,22,13,0.175,2,13073.0,0.27,OWN,home_improvement,0
42,46701.76,2,5,0.336,0,24820.97,0.151,MORTGAGE,credit_card,1
59,12830.05,21,10,0.172,2,2440.89,0.151,MORTGAGE,car,1
25,30096.3,33,3,0.465,0,13911.12,0.51,RENT,debt_consolidation,1
31,76144.06,27,12,0.419,0,19587.62,0.084,MORTGAGE,car,1
32,12000.0,7,14,0.491,0,14215.7,0.345,RENT,debt_consolidation,0
26,38141.06,31,4,0.928,0,4352.94,0.431,MORTGAGE,car,0
33,46206.16,23,8,0.478,1,500.0,0.102,MORTGAGE,home_improvement,0
34,93359.68,1,12,0.515,0,28709.39,0.398,RENT,debt_consolidation,0
54,71909.28,4,0,0.887,1,17232.34,0.254,RENT,debt_consolidation,0
34,42742.25,32,10,0.818,0,25501.21,0.508,RENT,credit_card,0
59,83699.3,7,12,0.24,1,23358.02,0.509,RENT,debt_consolidation,1
54,38708.65,3,13,0.013,1,20371.62,0.507,RENT,car,0
60,77200.2,15,2,0.629,0,12107.96,0.269,RENT,debt_consolidation,1
25,25104.7,18,11,0.845,1,19407.9,0.522,RENT,credit_card,0
64,78611.67,20,11,0.553,0,27892.83,0.396,MORTGAGE,debt_consolidation,1
48,46065.06,23,0,0.211,0,15747.1,0.258,MORTGAGE,debt_consolidation,1
64,32372.91,34,10,0.741,1,32115.31,0.114,RENT,debt_consolidation,0
36,50222.84,26,9,0.67,1,1505.2,0.107,RENT,car,0
62,61101.57,0,14,0.565,0,537.82,0.188,MORTGAGE,home_improvement,1
46,44115.53,3,0,0.863,0,23892.68,0.215,RENT,other,0
24,67186.98,0,14,0.784,0,7631.31,0.56,RENT,credit_card,0
39,42174.13,13,8,0.668,1,33390.03,0.62,MORTGAGE,debt_consolidation,0
27,68648.19,12,4,0.665,1,27036.07,0.149,OWN,debt_consolidation,0
62,64728.89,32,5,0.662,0,29288.14,0.569,RENT,credit_card,1
34,53659.69,12,11,0.525,1,22959.93,0.459,OWN,debt_consolidation,0
30,45289.59,1,14,0.464,0,6705.75,0.324,RENT,debt_consolidation,1
45,58333.9,30,4,0.71,1,500.0,0.595,RENT,home_improvement,0
39,67105.58,9,14,0.61,0,28457.65,0.443,RENT,debt_consolidation,0
25,100359.58,31,9,0.49,0,1503.89,0.377,MORTGAGE,credit_card,1
56,75667.25,27,2,0.127,0,29263.97,0.165,MORTGAGE,credit_card,1
58,76471.78,30,8,0.702,1,21026.53,0.204,MORTGAGE,home_improvement,1
53,122947.27,28,12,0.646,1,14313.73,0.571,OWN,credit_card,1
48,66351.09,5,0,0.342,1,18978.43,0.188,MORTGAGE,home_improvement,0
38,65662.16,21,1,0.356,0,19187.62,0.068,RENT,credit_card,1
44,70488.33,14,0,0.247,0,13178.31,0.196,MORTGAGE,debt_consolidation,1
43,32802.75,22,8,0.962,0,27831.19,0.314,RENT,debt_consolidation,1
28,45234.16,26,0,0.86,0,27522.61,0.26,MORTGAGE,debt_consolidation,1
24,43864.28,17,13,0.561,1,16400.93,0.585,OWN,credit_card,0
32,69247.51,10,1,0.402,0,9600.05,0.28,MORTGAGE,home_improvement,0
40,51168.16,32,1,0.737,0,26753.59,0.539,RENT,car,1
28,58040.92,23,3,0.528,1,500.0,0.397,MORTGAGE,debt_consolidation,0
25,78924.0,30,11,0.976,2,18995.03,0.378,RENT,debt_consolidation,0
58,73989.32,8,13,0.055,1,21656.18,0.158,RENT,debt_consolidation,1
37,51442.14,29,3,0.034,0,7544.83,0.199,MORTGAGE,other,1
46,40260.11,11,7,0.569,0,23764.07,0.527,RENT,debt_consolidation,0
44,79976.04,16,11,0.203,0,14762.53,0.479,RENT,credit_card,1
53,72025.61,30,11,0.604,2,10088.7,0.336,MORTGAGE,debt_consolidation,0
53,19662.35,12,2,0.781,1,23669.01,0.57,RENT,car,0
34,48110.61,8,12,0.138,0,5228.84,0.501,RENT,credit_card,0
58,58641.34,32,13,0.441,1,22822.74,0.132,OWN,debt_consolidation,1
37,72134.25,33,11,0.689,1,500.0,0.403,RENT,credit_card,0
57,75022.23,10,7,0.834,1,17571.34,0.509,RENT,home_improvement,0
38,61245.93,10,5,0.496,0,15394.6,0.495,OWN,credit_card,0
25,67875.45,7,13,0.206,1,10142.74,0.12,RENT,other,1
54,56411.01,0,12,0.586,0,18506.62,0.174,OWN,car,0
22,40175.26,19,7,0.455,1,14283.87,0.297,MORTGAGE,credit_card,1
54,49252.18,8,11,0.772,0,24492.26,0.188,MORTGAGE,other,1
22,55417.81,29,5,0.556,0,20041.36,0.11,RENT,car,1
30,54237.06,5,11,0.279,1,19074.25,0.416,RENT,credit_card,0
47,13517.4,22,1,0.754,1,17626.75,0.349,MORTGAGE,car,0
62,46255.37,17,13,0.518,0,10750.5,0.135,RENT,credit_card,1
38,56236.52,21,7,0.178,0,12283.77,0.373,MORTGAGE,credit_card,0
26,48809.86,3,8,0.563,0,17233.94,0.084,MORTGAGE,credit_card,0
31,49569.88,16,2,0.948,1,13439.76,0.281,MORTGAGE,car,0
60,65735.81,21,7,0.706,1,25003.08,0.506,RENT,other,0
52,31262.94,11,0,0.299,1,15841.05,0.56,MORTGAGE,debt_consolidation,0
25,19183.07,30,13,0.711,0,18383.7,0.185,MORTGAGE,home_improvement,0
37,47340.26,18,11,0.283,1,2375.84,0.543,RENT,home_improvement,1
32,71810.52,12,6,0.543,0,23489.07,0.54,OWN,car,0
28,92126.17,1,12,0.527,2,9769.44,0.424,RENT,credit_card,0
58,72206.82,5,12,0.247,1,5616.12,0.61,OWN,debt_consolidation,0
48,22698.2,16,1,0.348,1,29815.67,0.205,RENT,debt_consolidation,0
28,49887.92,14,0,0.942,0,21278.59,0.088,RENT,debt_consolidation,1
49,60645.96,30,3,0.251,0,23793.86,0.514,MORTGAGE,debt_consolidation,0
39,58907.0,27,0,0.801,2,19090.47,0.36,RENT,debt_consolidation,0
23,66864.7,5,8,0.667,0,14161.64,0.241,RENT,debt_consolidation,0
40,34824.92,20,7,0.533,0,12483.56,0.08,RENT,car,1
29,56428.75,15,8,0.138,0,22011.99,0.086,MORTGAGE,credit_card,1
31,64247.1,3,1,0.205,1,25192.67,0.12,RENT,credit_card,0
59,73164.76,23,13,0.179,2,14386.35,0.191,MORTGAGE,car,0
52,37274.2,18,14,0.587,0,33652.89,0.584,MORTGAGE,debt_consolidation,1
26,47406.55,3,8,0.973,3,13224.13,0.265,MORTGAGE,home_improvement,0
58,12000.0,16,0,0.877,0,2453.92,0.499,RENT,car,1
46,41327.84,25,5,0.025,1,500.0,0.081,RENT,credit_card,1
59,43462.87,11,10,0.274,1,500.0,0.247,OWN,credit_card,1
53,32569.14,12,11,0.157,0,11275.69,0.548,MORTGAGE,debt_consolidation,0
35,58643.47,3,3,0.976,0,12911.84,0.152,OWN,credit_card,0
44,53769.2,7,12,0.236,0,21143.4,0.206,MORTGAGE,credit_card,1
44,12000.0,34,14,0.201,1,14742.53,0.525,MORTGAGE,debt_consolidation,0
52,59741.18,21,7,0.621,0,22590.34,0.117,OWN,credit_card,1
31,34576.87,6,5,0.556,2,15404.04,0.119,MORTGAGE,credit_card,0
35,65685.16,16,7,0.226,1,15121.69,0.601,OWN,debt_consolidation,0
31,26799.27,6,0,0.67,2,9802.37,0.313,RENT,debt_consolidation,0
34,55660.14,15,7,0.097,0,27803.3,0.412,RENT,credit_card,0
28,48770.41,5,0,0.019,0,1216.64,0.12,MORTGAGE,debt_consolidation,1
22,61668.24,21,0,0.082,1,17711.79,0.191,MORTGAGE,home_improvement,0
62,57743.34,19,8,0.365,0,13365.15,0.303,RENT,other,0
24,49386.39,22,7,0.975,1,22035.79,0.441,MORTGAGE,car,0
60,21202.01,15,14,0.547,1,14812.54,0.231,MORTGAGE,debt_consolidation,1
21,22501.42,10,7,0.755,0,15077.79,0.537,OWN,credit_card,0
55,42154.49,8,14,0.321,0,12600.24,0.48,RENT,home_improvement,1
35,54817.84,7,12,0.719,1,27539.31,0.373,RENT,home_improvement,0
43,41618.55,15,5,0.966,0,15021.65,0.303,MORTGAGE,other,1
33,68754.66,15,13,0.358,1,32726.86,0.411,MORTGAGE,credit_card,1
42,48857.14,23,7,0.999,0,17450.22,0.452,MORTGAGE,debt_consolidation,0
40,33769.72,1,8,0.638,1,15195.84,0.144,RENT,credit_card,1
44,48881.88,9,1,0.749,1,13692.06,0.539,RENT,other,0
38,59968.92,29,3,0.252,0,20078.22,0.319,OWN,home_improvement,0
44,62147.46,32,7,0.643,0,9704.46,0.564,RENT,car,1
57,96324.34,32,4,0.511,0,16311.68,0.576,MORTGAGE,home_improvement,0
40,40283.99,10,8,0.956,0,15073.23,0.067,RENT,other,0
36,53383.47,4,1,0.905,1,17927.23,0.281,RENT,credit_card,0
26,64374.73,6,3,0.397,1,18150.27,0.359,MORTGAGE,other,0
36,54484.69,4,9,0.947,0,18617.95,0.347,RENT,car,0
26,43986.4,33,9,0.885,1,15854.14,0.522,RENT,car,0
29,20916.34,30,14,0.59,1,29120.49,0.148,MORTGAGE,other,0
62,43761.64,28,13,0.082,1,18803.12,0.412,RENT,credit_card,0
24,31378.55,25,12,0.161,0,38453.88,0.568,RENT,home_improvement,0
42,17014.65,12,0,0.077,1,15448.66,0.618,MORTGAGE,credit_card,0
57,37495.07,16,9,0.108,1,23630.22,0.076,RENT,car,1
62,31963.98,29,3,0.977,1,8465.56,0.605,MORTGAGE,car,0
27,67843.3,28,4,0.212,1,27607.1,0.137,RENT,car,1
28,68224.02,18,3,0.691,1,8661.44,0.365,RENT,credit_card,0
37,35114.66,29,6,0.637,0,19102.9,0.186,RENT,car,1
45,49274.97,12,1,0.631,1,12620.16,0.404,OWN,car,1
63,14118.66,14,7,0.207,0,19068.07,0.07,RENT,home_improvement,1
30,44124.52,29,2,0.579,2,12886.83,0.221,OWN,credit_card,0
28,63777.6,13,7,0.626,1,7896.72,0.235,RENT,car,0
32,73148.63,26,9,0.57,0,12555.67,0.554,RENT,car,0
59,39312.96,15,2,0.186,0,28874.22,0.371,MORTGAGE,credit_card,0
22,78140.81,10,1,0.723,1,19205.49,0.46,RENT,credit_card,0
37,21654.78,7,12,0.073,0,3400.35,0.422,MORTGAGE,home_improvement,0
26,27552.19,21,11,0.591,1,24858.44,0.286,OWN,home_improvement,0
27,70612.56,16,3,0.436,0,6976.37,0.058,MORTGAGE,debt_consolidation,1
61,91764.67,12,13,0.25,0,21690.23,0.109,MORTGAGE,debt_consolidation,1
21,65855.5,26,3,0.807,1,19978.49,0.322,MORTGAGE,car,0
35,54112.47,0,13,0.176,1,20546.79,0.588,RENT,other,1
61,12000.0,3,1,0.933,0,31678.7,0.187,MORTGAGE,credit_card,0
47,12000.0,33,9,0.885,1,7542.23,0.454,RENT,other,0
24,57847.01,23,0,0.361,0,20497.15,0.505,RENT,credit_card,1
41,47122.62,19,2,0.305,0,26336.3,0.549,MORTGAGE,debt_consolidation,0
63,30671.63,0,6,0.137,0,9209.92,0.211,RENT,home_improvement,0
38,56441.72,20,1,0.916,0,8288.22,0.562,MORTGAGE,debt_consolidation,0
44,57532.89,15,6,0.628,1,12415.31,0.404,RENT,debt_consolidation,0
44,75777.15,20,3,0.032,1,17922.6,0.35,RENT,other,1
50,58005.25,1,1,0.511,1,2305.71,0.498,MORTGAGE,credit_card,0
29,82024.68,19,14,0.086,1,19962.62,0.201,MORTGAGE,debt_consolidation,0
57,55175.87,20,14,0.574,1,2324.52,0.517,OWN,credit_card,1
64,52462.63,10,14,0.509,1,26639.98,0.427,RENT,credit_card,0
27,78414.87,1,2,0.083,1,19623.9,0.51,RENT,home_improvement,1
57,33474.3,34,5,0.816,2,32218.26,0.561,RENT,debt_consolidation,0
56,116917.84,24,4,0.262,0,21019.05,0.39,RENT,credit_card,1
53,63255.66,21,4,0.541,1,12257.16,0.09,RENT,credit_card,0
37,63378.24,26,6,0.639,0,7811.91,0.214,MORTGAGE,home_improvement,1
41,66552.11,23,7,0.962,0,17150.02,0.533,RENT,other,0
57,96297.0,4,7,0.494,0,14727.74,0.395,OWN,credit_card,0
27,72435.16,15,4,0.917,0,25675.25,0.54,MORTGAGE,car,0
57,19688.77,31,14,0.355,0,6642.43,0.261,MORTGAGE,other,0
61,85876.35,10,14,0.857,0,33188.12,0.328,RENT,debt_consolidation,0
51,47500.28,34,4,0.236,0,26472.99,0.524,RENT,debt_consolidation,0
36,57357.41,2,3,0.707,1,13168.29,0.489,RENT,home_improvement,0
45,26856.41,11,7,0.089,0,31180.39,0.258,MORTGAGE,other,0
23,66576.44,12,5,0.986,0,7951.85,0.062,MORTGAGE,debt_consolidation,0
61,40669.77,21,14,0.954,0,16850.31,0.534,RENT,debt_consolidation,0
36,57203.73,6,6,0.442,0,3511.76,0.482,RENT,home_improvement,1
23,48749.82,8,0,0.524,0,31619.12,0.297,OWN,car,1
55,97350.28,23,1,0.598,0,500.0,0.35,RENT,debt_consolidation,0
49,98609.73,9,1,0.275,1,2036.02,0.182,RENT,credit_card,0
48,56023.29,30,5,0.674,0,9287.58,0.277,RENT,debt_consolidation,1
23,56407.51,30,4,0.699,0,26900.91,0.14,RENT,other,0
54,46784.25,10,12,0.525,0,23593.6,0.166,RENT,home_improvement,1
49,79332.14,19,13,0.148,0,16098.46,0.516,MORTGAGE,credit_card,1
55,47763.76,11,2,0.919,0,24170.34,0.249,MORTGAGE,car,0
57,45730.58,12,14,0.115,0,13961.28,0.498,MORTGAGE,credit_card,0
30,76529.04,23,8,0.629,0,18801.86,0.311,RENT,other,0
30,43157.42,10,4,0.103,1,29865.53,0.109,RENT,debt_consolidation,0
61,54169.39,5,6,0.146,0,12780.43,0.249,MORTGAGE,debt_consolidation,0
44,20211.16,9,6,0.021,0,8102.65,0.137,RENT,credit_card,0
40,70492.19,32,2,0.363,0,19233.35,0.431,RENT,debt_consolidation,0
33,97699.07,9,13,0.64,1,21662.47,0.571,MORTGAGE,car,0
49,70866.96,12,0,0.522,0,15994.03,0.47,MORTGAGE,credit_card,1
54,87159.58,22,1,0.675,1,24030.43,0.498,RENT,debt_consolidation,1
21,36385.75,3,4,0.675,0,13188.67,0.524,OWN,car,1
45,60199.13,9,2,0.14,2,16147.91,0.517,RENT,credit_card,0
64,34250.48,6,0,0.057,1,18371.17,0.383,OWN,credit_card,1
33,49989.16,32,5,0.625,1,17586.25,0.463,RENT,debt_consolidation,0
33,71988.65,32,5,0.653,1,29519.44,0.299,MORTGAGE,other,0
59,57240.05,26,1,0.557,0,18326.01,0.089,RENT,home_improvement,1
23,23921.9,8,12,0.246,0,12264.88,0.438,MORTGAGE,car,0
38,26069.36,21,13,0.811,1,19751.84,0.467,MORTGAGE,car,0
41,24614.39,23,10,0.076,2,24079.66,0.213,OWN,credit_card,1
56,65811.96,30,7,0.632,1,21968.12,0.595,MORTGAGE,debt_consolidation,0
26,100405.68,5,14,0.12,2,21469.27,0.119,MORTGAGE,home_improvement,0
40,84974.08,25,5,0.654,0,1517.55,0.455,RENT,debt_consolidation,0
27,13288.33,6,6,0.418,2,500.0,0.623,RENT,other,0
55,86263.67,19,0,0.718,0,26477.38,0.22,OWN,debt_consolidation,0
48,75600.81,30,10,0.052,0,18949.72,0.552,OWN,credit_card,0
42,21003.4,2,1,0.555,2,14805.8,0.545,RENT,credit_card,0
38,48329.56,5,9,0.145,1,21248.82,0.479,RENT,credit_card,0
27,79101.49,28,11,0.682,1,32345.79,0.595,RENT,home_improvement,0
61,67109.54,0,3,0.12,2,27721.78,0.45,RENT,car,0
49,26199.91,23,9,0.074,0,23659.99,0.322,RENT,car,0
35,68436.33,17,4,0.713,1,7019.47,0.442,MORTGAGE,other,0
39,12000.0,12,5,0.064,0,8188.88,0.277,RENT,credit_card,0
52,50097.91,30,7,0.225,1,500.0,0.249,OWN,credit_card,0
52,80035.05,29,3,0.825,0,20701.62,0.095,OWN,car,0
41,55404.67,11,11,0.81,2,24977.64,0.298,RENT,debt_consolidation,0
34,44023.37,0,5,0.854,0,25711.6,0.492,MORTGAGE,debt_consolidation,0
50,74565.62,4,6,0.326,0,21078.87,0.57,MORTGAGE,debt_consolidation,1
49,76444.54,3,12,0.528,0,13613.4,0.586,RENT,home_improvement,1
47,83820.87,34,3,0.773,0,9921.5,0.164,MORTGAGE,home_improvement,1
24,74235.53,20,6,0.137,0,7571.72,0.364,MORTGAGE,debt_consolidation,0
41,78790.25,23,14,0.724,0,13529.18,0.367,RENT,debt_consolidation,1
48,71123.99,8,5,0.097,1,6199.56,0.167,OWN,debt_consolidation,1
62,60841.63,29,1,0.913,1,30803.59,0.39,RENT,credit_card,0
44,56969.2,25,4,0.637,0,3278.66,0.25,RENT,debt_consolidation,0
36,49780.29,26,14,0.493,0,13226.52,0.568,OWN,car,1
45,28327.9,16,11,0.485,1,500.0,0.21,RENT,other,1
28,33983.15,24,12,0.181,1,17668.99,0.529,RENT,car,0
24,48795.68,19,3,0.346,1,14978.55,0.563,RENT,car,0
50,60311.95,13,12,0.727,0,11788.89,0.455,RENT,other,0
64,86697.88,20,5,0.541,1,6604.95,0.188,RENT,home_improvement,1
58,54080.46,11,11,0.529,1,15022.16,0.213,MORTGAGE,credit_card,0
46,77076.48,33,13,0.195,2,10099.85,0.624,RENT,car,0
22,78744.94,25,3,0.69,2,13768.19,0.132,MORTGAGE,credit_card,1
64,49908.17,25,14,0.392,0,32616.87,0.114,RENT,credit_card,1
40,68083.18,25,9,0.183,0,16549.59,0.588,RENT,debt_consolidation,1
33,49642.38,15,10,0.944,1,19795.8,0.497,OWN,home_improvement,0
60,84086.99,33,11,0.507,1,10819.82,0.481,MORTGAGE,car,0
53,68988.55,7,2,0.528,1,7940.08,0.158,MORTGAGE,home_improvement,0
53,28809.36,19,11,0.981,1,14793.38,0.339,RENT,credit_card,0
33,58553.54,2,3,0.366,0,37535.33,0.512,MORTGAGE,home_improvement,0
64,91258.47,10,4,0.943,0,12413.15,0.231,MORTGAGE,car,1
40,51012.92,20,1,0.695,1,18252.94,0.176,OWN,car,1
44,64849.73,17,2,0.633,1,7544.41,0.076,MORTGAGE,credit_card,1
54,67009.33,32,14,0.234,1,500.0,0.412,MORTGAGE,credit_card,0
50,32194.3,21,4,0.052,0,7891.52,0.212,RENT,credit_card,1
28,66235.57,14,5,0.438,0,36426.39,0.525,RENT,other,0
34,24335.63,14,7,0.01,0,20358.51,0.206,RENT,debt_consolidation,0
36,41236.27,21,10,0.071,2,29768.32,0.173,RENT,car,0
62,78665.91,27,8,0.595,1,11870.5,0.598,RENT,debt_consolidation,1
52,62848.64,9,8,0.724,1,500.0,0.601,RENT,other,0
37,48301.49,20,12,0.168,1,5021.62,0.447,MORTGAGE,credit_card,0
53,64822.14,20,7,0.733,1,18573.22,0.581,MORTGAGE,home_improvement,0
53,53677.97,0,11,0.95,3,17138.52,0.199,MORTGAGE,home_improvement,1
38,55276.73,31,13,0.743,1,14906.19,0.323,RENT,car,1
38,69450.01,19,10,0.785,1,10227.76,0.182,MORTGAGE,car,0
60,38997.91,8,0,0.701,1,23457.44,0.333,OWN,debt_consolidation,0
45,55887.4,22,3,0.225,0,10487.88,0.485,RENT,debt_consolidation,0
27,48130.1,23,9,0.361,0,17770.35,0.515,OWN,debt_consolidation,0
52,20116.73,32,7,0.949,0,16757.95,0.052,RENT,home_improvement,0
46,34749.97,1,4,0.661,0,11683.48,0.264,MORTGAGE,home_improvement,0
43,89500.54,14,5,0.789,2,7068.34,0.637,MORTGAGE,debt_consolidation,0
52,63463.91,6,1,0.969,1,11154.03,0.394,MORTGAGE,car,0
60,25881.06,20,3,0.231,0,31862.6,0.213,OWN,debt_consolidation,1
35,21112.2,17,11,0.322,0,25012.03,0.264,RENT,debt_consolidation,0
39,52532.39,16,0,0.645,0,24183.5,0.227,MORTGAGE,credit_card,0
29,89346.1,34,12,0.024,1,7921.83,0.316,OWN,home_improvement,1
49,50891.32,18,5,0.571,1,2060.8,0.314,MORTGAGE,debt_consolidation,0
38,83753.99,14,12,0.809,0,24868.45,0.329,RENT,other,0
36,62742.48,2,3,0.61,1,23142.91,0.325,RENT,home_improvement,0
51,65367.51,10,12,0.295,1,16235.24,0.354,OWN,credit_card,1
38,25614.15,31,8,0.724,0,11665.14,0.065,MORTGAGE,debt_consolidation,1
41,75625.5,15,12,0.146,0,1824.5,0.08,OWN,car,0
40,47631.5,31,0,0.895,0,22806.6,0.254,RENT,car,0
32,73988.03,18,11,0.101,0,25675.22,0.537,MORTGAGE,credit_card,1
26,37088.26,19,4,0.863,0,8888.17,0.485,MORTGAGE,debt_consolidation,0
57,58895.09,15,5,0.498,1,8136.6,0.131,OWN,credit_card,0
25,62744.06,19,0,0.429,0,26169.56,0.322,MORTGAGE,credit_card,1
35,51611.27,2,14,0.501,0,9223.22,0.383,RENT,debt_consolidation,0
50,63899.99,2,9,0.2,1,31011.54,0.335,MORTGAGE,home_improvement,1
26,49139.26,16,14,0.458,1,14018.53,0.454,MORTGAGE,debt_consolidation,0
49,40720.69,20,8,0.85,0,11520.94,0.598,RENT,car,0
53,90320.63,19,2,0.801,0,15405.97,0.103,RENT,credit_card,1
50,78076.96,15,5,0.163,0,11520.31,0.334,OWN,home_improvement,0
34,38260.98,10,6,0.673,1,25135.91,0.352,RENT,other,0
21,67505.77,24,2,0.857,0,22972.29,0.359,RENT,credit_card,0
60,38661.07,21,13,0.82,1,24792.96,0.162,MORTGAGE,debt_consolidation,1
35,28936.94,1,14,0.426,0,16660.68,0.401,OWN,credit_card,0
56,77743.81,15,8,0.048,2,10892.81,0.114,MORTGAGE,credit_card,1
29,17509.81,24,8,0.931,0,14918.42,0.458,RENT,car,0
28,75390.83,27,10,0.396,0,11168.73,0.415,RENT,car,1
55,49440.11,10,10,0.361,0,28199.37,0.232,RENT,home_improvement,0
62,50345.97,32,0,0.76,1,24020.46,0.614,RENT,other,0
58,64014.53,22,7,0.264,1,14176.29,0.526,MORTGAGE,debt_consolidation,0
54,67786.37,15,11,0.835,0,6661.73,0.347,RENT,debt_consolidation,0
31,36820.45,21,12,0.076,0,28867.56,0.595,RENT,debt_consolidation,0
61,70789.96,30,8,0.741,0,16230.16,0.507,OWN,home_improvement,0
50,57494.15,7,13,0.966,2,13828.49,0.166,RENT,debt_consolidation,0
28,27366.79,5,8,0.996,1,28946.87,0.395,RENT,debt_consolidation,0
26,51262.76,15,5,0.924,3,10410.46,0.429,MORTGAGE,other,1
59,85388.14,2,6,0.871,0,12129.66,0.409,RENT,debt_consolidation,0
33,91885.09,29,10,0.279,1,12923.17,0.587,RENT,debt_consolidation,0
54,70781.67,33,13,0.967,0,3150.88,0.321,OWN,credit_card,0
27,28812.44,21,3,0.928,0,17841.62,0.093,MORTGAGE,debt_consolidation,1
33,65793.35,34,4,0.534,1,8138.9,0.334,MORTGAGE,debt_consolidation,0
33,73718.94,2,9,0.402,1,9863.5,0.503,MORTGAGE,debt_consolidation,1
33,70965.58,22,11,0.109,0,8660.08,0.247,RENT,debt_consolidation,0
50,72268.99,15,5,0.591,0,9716.37,0.065,MORTGAGE,car,0
61,62991.79,9,9,0.701,1,7449.77,0.237,MORTGAGE,credit_card,1
61,53406.93,10,0,0.404,0,17224.93,0.425,RENT,home_improvement,1
53,41615.92,19,4,0.406,0,13599.66,0.097,RENT,home_improvement,0
29,13245.42,22,14,0.573,0,15432.07,0.257,MORTGAGE,car,1
63,62472.12,5,8,0.028,1,36184.09,0.143,RENT,other,0
44,59093.16,21,13,0.958,1,13599.95,0.332,RENT,credit_card,0
45,67266.67,32,3,0.29,2,20444.53,0.168,RENT,debt_consolidation,1
51,25574.04,0,4,0.141,1,21468.75,0.13,MORTGAGE,debt_consolidation,0
54,69190.37,30,14,0.005,2,14434.29,0.474,RENT,debt_consolidation,0
62,100199.99,21,14,0.857,0,17464.19,0.137,MORTGAGE,car,1
46,56725.9,11,13,0.863,2,15186.28,0.175,RENT,credit_card,0
47,53643.36,25,4,0.095,0,16823.03,0.376,MORTGAGE,debt_consolidation,1
53,61798.05,21,12,0.152,0,9721.35,0.074,RENT,debt_consolidation,1
32,99711.41,26,6,0.448,1,10552.1,0.088,RENT,car,0
34,32479.75,2,12,0.186,1,15152.3,0.307,MORTGAGE,credit_card,0
48,59470.55,2,12,0.736,1,500.0,0.271,MORTGAGE,debt_consolidation,0
23,37407.54,22,6,0.058,1,28464.66,0.37,RENT,car,0
35,42965.9,10,4,0.55,1,34447.72,0.616,MORTGAGE,home_improvement,0
52,53909.01,8,14,0.383,2,16533.15,0.329,MORTGAGE,credit_card,0
63,84641.11,14,6,0.465,0,20989.22,0.367,RENT,credit_card,0
43,94621.79,25,6,0.425,1,24729.52,0.576,MORTGAGE,home_improvement,0
38,64859.13,6,9,0.153,0,3077.97,0.316,RENT,debt_consolidation,0
40,46714.92,34,14,0.22,2,23354.5,0.52,MORTGAGE,other,0
51,109840.26,14,1,0.065,1,11162.04,0.372,RENT,car,0
44,45593.8,5,14,0.115,3,35616.52,0.46,OWN,home_improvement,0
22,42435.01,2,6,0.978,2,13305.66,0.603,MORTGAGE,home_improvement,0
44,15951.25,30,0,0.28,0,23173.64,0.05,MORTGAGE,other,1
38,85714.01,3,4,0.307,1,13394.28,0.566,RENT,debt_consolidation,0
51,76301.4,14,6,0.127,1,34770.23,0.344,MORTGAGE,debt_consolidation,1
59,108191.72,23,10,0.755,1,10388.85,0.404,RENT,car,1
63,24430.49,17,8,0.924,2,25485.8,0.338,RENT,debt_consolidation,0
47,87079.76,9,2,0.79,1,20640.1,0.214,RENT,home_improvement,1
36,56542.98,3,7,0.613,2,18638.79,0.126,MORTGAGE,credit_card,0
40,72734.2,24,3,0.813,0,17061.07,0.57,MORTGAGE,debt_consolidation,0
28,18748.9,17,4,0.404,0,8996.89,0.393,OWN,debt_consolidation,1
62,87297.8,1,10,0.859,0,500.0,0.53,RENT,car,1
58,72303.37,6,12,0.799,1,24669.53,0.23,OWN,debt_consolidation,0
58,54143.98,19,2,0.002,3,10600.45,0.263,MORTGAGE,debt_consolidation,0
35,69192.48,5,9,0.488,0,25526.4,0.235,OWN,credit_card,0
35,38159.1,13,6,0.265,3,18165.28,0.237,MORTGAGE,debt_consolidation,0
58,42252.32,4,5,0.086,0,25802.31,0.324,RENT,home_improvement,0
44,44804.22,27,10,0.846,2,22217.03,0.605,OWN,other,0
52,14239.99,22,3,0.008,1,500.0,0.552,MORTGAGE,home_improvement,0
42,73958.69,27,11,0.73,1,20534.06,0.342,MORTGAGE,home_improvement,1
40,81215.06,1,6,0.988,0,11906.92,0.242,RENT,credit_card,0
48,39570.43,13,1,0.482,0,25485.1,0.386,RENT,other,0
56,62660.47,9,11,0.371,0,20320.87,0.387,RENT,car,0
35,49158.11,21,12,0.606,0,20426.72,0.426,MORTGAGE,car,1
56,62222.03,28,8,0.805,0,12549.81,0.345,RENT,debt_consolidation,0
31,41193.3,7,10,0.24,0,6786.54,0.065,OWN,debt_consolidation,1
38,35564.65,26,2,0.251,1,11104.02,0.112,RENT,debt_consolidation,0
61,78145.65,20,5,0.607,1,500.0,0.606,RENT,debt_consolidation,0
62,53594.85,28,5,0.94,0,9686.91,0.46,RENT,debt_consolidation,0
61,99486.4,2,11,0.298,4,1822.57,0.652,RENT,car,0
34,56018.82,34,5,0.377,1,2060.33,0.257,RENT,debt_consolidation,0
58,34626.28,15,10,0.993,3,16048.31,0.404,MORTGAGE,debt_consolidation,0
62,81992.7,9,4,0.176,0,19806.44,0.227,OWN,car,1
64,68877.6,6,9,0.077,0,14713.86,0.55,RENT,other,1
21,70991.2,34,3,0.59,0,10510.89,0.208,RENT,debt_consolidation,1
53,81193.21,30,8,0.024,2,6473.33,0.472,MORTGAGE,debt_consolidation,0
64,40638.48,4,1,0.18,1,12145.26,0.166,RENT,car,0
54,52200.43,15,11,0.622,1,7599.99,0.128,MORTGAGE,other,0
31,51228.1,25,0,0.66,0,14434.52,0.136,MORTGAGE,home_improvement,0
54,26603.58,20,14,0.51,1,1306.21,0.361,OWN,credit_card,1
25,49201.02,6,12,0.384,1,21311.86,0.534,RENT,home_improvement,0
42,84400.35,12,8,0.576,1,9896.72,0.62,OWN,car,0
48,60221.44,12,13,0.643,0,18386.31,0.392,OWN,debt_consolidation,1
41,25386.65,10,12,0.803,1,22985.0,0.363,RENT,credit_card,0
51,20771.53,33,2,0.793,1,17950.84,0.503,MORTGAGE,car,0
31,91625.07,7,11,0.665,1,22192.14,0.105,RENT,home_improvement,1
47,53012.98,24,5,0.894,1,500.0,0.515,RENT,debt_consolidation,0
49,40756.98,31,12,0.838,2,10564.29,0.507,OWN,car,0
48,48972.18,27,12,0.133,0,24927.69,0.341,RENT,home_improvement,1
33,22499.23,27,14,0.957,2,19583.07,0.103,RENT,debt_consolidation,0
34,86308.09,5,6,0.892,0,31636.17,0.161,RENT,debt_consolidation,0
32,46352.84,4,2,0.321,0,30339.42,0.253,MORTGAGE,debt_consolidation,0
41,85082.83,27,1,0.02,3,17696.33,0.628,OWN,other,0
46,56136.34,26,2,0.604,0,12732.19,0.401,MORTGAGE,debt_consolidation,1
36,86449.7,25,14,0.438,0,6374.05,0.331,MORTGAGE,car,1
39,60647.28,14,8,0.75,0,10717.72,0.319,RENT,credit_card,0
33,73771.12,18,5,0.525,0,11325.78,0.479,MORTGAGE,car,0
30,70820.05,0,6,0.076,0,9660.76,0.228,RENT,other,1
49,68712.4,10,2,0.245,0,6734.96,0.102,MORTGAGE,other,1
56,62654.56,18,8,0.883,0,18614.19,0.422,MORTGAGE,car,1
33,49877.28,4,6,0.038,1,30269.76,0.251,OWN,credit_card,1
58,97139.56,4,11,0.737,0,23399.31,0.229,MORTGAGE,debt_consolidation,1
46,35047.39,1,0,0.292,2,12098.22,0.34,MORTGAGE,debt_consolidation,0
28,55094.77,7,13,0.453,1,24126.26,0.204,RENT,home_improvement,0
37,55327.49,34,0,0.531,1,18119.86,0.577,RENT,debt_consolidation,0
21,63853.7,24,6,0.25,0,14633.66,0.516,MORTGAGE,credit_card,0
22,45551.6,33,5,0.652,1,14071.9,0.615,MORTGAGE,debt_consolidation,1
35,61924.42,8,10,0.693,0,13200.54,0.581,MORTGAGE,car,0
40,51285.46,20,9,0.085,0,20859.6,0.223,MORTGAGE,debt_consolidation,1
56,20197.04,31,2,0.374,0,16257.03,0.259,RENT,debt_consolidation,0
26,55210.15,12,7,0.744,0,8444.19,0.434,RENT,credit_card,0
57,30787.56,23,8,0.722,1,8008.33,0.079,RENT,credit_card,0
31,16843.51,24,6,0.545,0,17753.14,0.597,MORTGAGE,car,0
27,58011.21,29,0,0.778,0,18857.86,0.056,OWN,home_improvement,1
51,65733.43,33,2,0.108,0,12181.81,0.342,MORTGAGE,car,0
55,66587.36,21,7,0.118,1,4811.95,0.438,MORTGAGE,debt_consolidation,1
47,67477.76,20,3,0.657,0,26258.69,0.553,MORTGAGE,debt_consolidation,0
26,12483.04,30,8,0.693,0,24347.44,0.404,RENT,home_improvement,0
26,25057.63,23,2,0.815,0,500.0,0.378,RENT,debt_consolidation,0
38,98417.47,12,11,0.181,0,27056.25,0.215,RENT,car,1
40,31961.41,22,2,0.517,0,13119.22,0.375,OWN,other,0
64,68438.5,19,9,0.661,1,16709.88,0.482,RENT,debt_consolidation,0
33,39887.37,8,12,0.224,1,25244.01,0.354,MORTGAGE,car,0
29,56752.8,18,5,0.517,0,29872.85,0.479,RENT,credit_card,0
62,41068.41,21,2,0.638,1,24025.79,0.108,MORTGAGE,debt_consolidation,0
27,67353.91,31,0,0.214,1,17169.27,0.254,RENT,credit_card,1
22,58009.03,20,5,0.376,0,2619.23,0.578,OWN,home_improvement,0
39,45137.62,5,1,0.216,0,500.0,0.228,RENT,other,1
38,31896.21,34,13,0.903,3,22903.43,0.452,OWN,debt_consolidation,0
48,60891.03,20,14,0.237,1,27078.27,0.356,MORTGAGE,home_improvement,0
59,28320.19,10,14,0.121,0,7668.2,0.565,RENT,debt_consolidation,0
62,64404.58,26,13,0.035,2,12571.98,0.18,MORTGAGE,debt_consolidation,0
33,112782.67,13,8,0.045,0,9984.61,0.215,MORTGAGE,home_improvement,0
64,84703.74,12,4,0.192,0,9744.9,0.524,RENT,car,1
48,70803.65,29,6,0.608,0,24674.65,0.416,MORTGAGE,home_improvement,1
24,53116.64,30,3,0.018,0,16965.36,0.349,MORTGAGE,other,1
62,12347.44,18,12,0.287,1,12937.4,0.287,MORTGAGE,debt_consolidation,1
27,25909.7,13,6,0.058,1,38917.68,0.296,MORTGAGE,credit_card,0
46,83221.44,30,5,0.404,0,2090.21,0.564,MORTGAGE,debt_consolidation,0
55,37625.37,6,10,0.049,0,19931.2,0.419,RENT,car,1
31,39616.45,26,5,0.608,0,5559.2,0.561,RENT,debt_consolidation,0
32,51355.69,20,5,0.688,0,13583.07,0.585,RENT,debt_consolidation,0
41,31634.98,29,3,0.731,2,16337.75,0.391,MORTGAGE,car,0
59,28011.09,14,1,0.224,1,22601.36,0.405,RENT,credit_card,0
30,53889.57,29,0,0.869,0,12649.36,0.411,RENT,home_improvement,1
50,35386.35,0,6,0.69,3,11697.47,0.572,MORTGAGE,other,0
40,38697.59,26,14,0.057,1,12488.23,0.432,RENT,credit_card,0
25,37813.8,2,3,0.441,2,5280.43,0.153,RENT,credit_card,0
52,66491.92,22,9,0.768,1,20690.79,0.588,MORTGAGE,other,0
57,49893.23,6,4,0.311,0,17532.01,0.414,MORTGAGE,home_improvement,0
46,51071.42,33,4,0.382,1,18916.52,0.548,MORTGAGE,debt_consolidation,0
28,68132.81,26,2,0.63,1,14374.11,0.304,RENT,car,0
27,51875.13,3,8,0.055,0,13264.1,0.311,MORTGAGE,credit_card,0
39,48878.42,31,9,0.967,2,25580.4,0.469,OWN,car,0
43,65349.91,8,5,0.174,0,24196.08,0.477,RENT,credit_card,1
45,69700.35,19,7,0.027,0,27733.21,0.093,RENT,debt_consolidation,1
31,51764.38,2,7,0.005,1,18353.35,0.294,RENT,car,0
43,56773.37,3,4,0.4,0,27173.98,0.473,OWN,debt_consolidation,0
33,37800.61,8,10,0.884,2,11255.26,0.636,RENT,car,0
51,36064.97,18,8,0.82,2,13192.33,0.096,MORTGAGE,car,0
56,71921.25,19,0,0.912,1,25755.91,0.216,MORTGAGE,other,0
49,64788.73,29,7,0.534,1,22590.79,0.326,OWN,debt_consolidation,0
21,65016.57,5,5,0.449,0,12385.95,0.173,RENT,credit_card,0
64,61178.8,26,11,0.386,1,5583.68,0.085,MORTGAGE,debt_consolidation,1
22,56016.47,0,4,0.046,0,13164.32,0.347,OWN,credit_card,1
64,70321.06,10,14,0.91,2,8836.18,0.447,RENT,credit_card,0
22,75572.39,6,9,0.496,1,30520.53,0.299,MORTGAGE,credit_card,0
43,75047.02,4,1,0.455,0,21840.37,0.253,RENT,credit_card,0
25,52782.89,20,6,0.515,0,8106.7,0.592,RENT,other,1
25,85513.84,31,13,0.794,0,5595.08,0.313,RENT,debt_consolidation,0
51,60026.13,23,3,0.224,1,7995.18,0.509,RENT,credit_card,0
53,68912.28,29,10,0.71,0,9970.57,0.208,RENT,home_improvement,1
26,61205.93,20,11,0.711,0,13499.7,0.507,MORTGAGE,debt_consolidation,0
63,60434.15,1,10,0.85,1,25030.92,0.523,MORTGAGE,home_improvement,0
35,38813.46,12,1,0.009,0,6301.35,0.197,RENT,home_improvement,1
35,70429.72,28,5,0.17,1,35605.84,0.431,MORTGAGE,home_improvement,1
34,117596.48,1,5,0.471,0,6510.3,0.425,OWN,home_improvement,0
41,46754.51,3,5,0.851,0,2318.57,0.293,RENT,car,0
28,56561.88,29,13,0.965,2,30194.74,0.516,RENT,other,0
39,45183.48,2,0,0.595,2,26891.3,0.259,RENT,debt_consolidation,0
30,44263.56,33,8,0.212,2,13358.86,0.356,OWN,credit_card,0
23,88977.89,26,14,0.185,0,18431.99,0.595,MORTGAGE,car,1
37,40194.64,23,13,0.639,2,18659.12,0.188,MORTGAGE,debt_consolidation,0
50,44570.23,18,9,0.21,3,16230.41,0.191,RENT,credit_card,0
54,20075.16,3,14,0.553,0,3331.68,0.128,MORTGAGE,home_improvement,1
36,38332.54,14,6,0.835,2,500.0,0.639,MORTGAGE,debt_consolidation,0
35,17415.2,28,9,0.39,0,7397.46,0.138,RENT,credit_card,1
55,68899.7,31,8,0.378,1,31345.39,0.175,RENT,car,1
50,116593.34,15,0,0.036,0,31698.72,0.432,RENT,debt_consolidation,1
57,46933.07,29,0,0.254,0,12643.47,0.468,MORTGAGE,debt_consolidation,1
60,18331.33,27,13,0.698,0,6378.32,0.34,OWN,car,1
57,74799.99,2,2,0.36,0,17503.09,0.59,RENT,car,1
62,39007.65,21,5,0.158,2,18950.83,0.111,OWN,credit_card,1
39,83585.63,21,9,0.106,0,20406.48,0.391,MORTGAGE,credit_card,1
38,48795.36,19,8,0.095,0,500.0,0.384,MORTGAGE,debt_consolidation,1
35,41100.05,27,7,0.659,0,43419.81,0.227,OWN,car,0
31,51084.93,31,14,0.613,2,25192.27,0.585,MORTGAGE,debt_consolidation,0
53,71671.09,19,11,0.519,1,13219.23,0.374,RENT,other,1
52,49996.75,11,14,0.5,0,8533.7,0.185,RENT,car,0
56,44072.06,34,9,0.153,1,23885.75,0.119,MORTGAGE,debt_consolidation,0
28,50625.7,33,14,0.501,1,19458.55,0.129,MORTGAGE,home_improvement,0
42,27019.19,24,9,0.06,1,15829.33,0.564,RENT,other,0
30,63734.7,22,8,0.926,0,19125.01,0.188,MORTGAGE,car,1
60,15692.01,3,12,0.058,0,13985.52,0.549,RENT,home_improvement,0
32,45229.33,14,13,0.424,2,18616.76,0.156,RENT,debt_consolidation,0
27,71706.47,6,1,0.001,0,21537.27,0.591,MORTGAGE,home_improvement,1
46,61667.06,18,13,0.786,0,18089.85,0.508,RENT,home_improvement,0
59,67987.05,28,10,0.166,0,17618.3,0.114,RENT,credit_card,1
61,53569.0,7,13,0.925,1,27535.74,0.117,RENT,debt_consolidation,0
25,80734.42,34,10,0.044,0,626.04,0.492,OWN,other,1
35,75343.38,4,13,0.821,1,7819.06,0.113,RENT,credit_card,0
27,64815.1,3,4,0.657,0,15239.05,0.194,RENT,debt_consolidation,0
34,75406.01,34,2,0.25,0,8431.19,0.491,RENT,debt_consolidation,0
44,71509.32,3,2,0.202,0,11435.71,0.549,RENT,debt_consolidation,0
33,45331.8,25,3,0.358,1,26589.68,0.492,RENT,credit_card,0
23,25434.22,26,3,0.828,1,13659.26,0.559,RENT,debt_consolidation,0
43,64247.97,11,6,0.862,2,500.0,0.398,RENT,credit_card,0
23,67013.96,2,2,0.175,0,11189.92,0.479,MORTGAGE,debt_consolidation,1
30,78990.38,10,2,0.353,0,15523.02,0.239,RENT,debt_consolidation,0
21,34400.93,2,7,0.237,1,15357.21,0.502,RENT,debt_consolidation,0
24,35058.52,23,11,0.123,1,20004.34,0.444,MORTGAGE,credit_card,1
40,65117.81,31,2,0.646,0,19269.5,0.366,RENT,credit_card,1
58,53434.33,34,7,0.346,1,13750.57,0.616,RENT,credit_card,0
55,13513.24,28,9,0.225,2,4262.64,0.348,OWN,home_improvement,0
25,63252.38,27,10,0.866,0,11029.75,0.391,MORTGAGE,credit_card,0
22,14246.7,30,1,0.748,4,9395.01,0.41,MORTGAGE,home_improvement,0
35,34204.36,26,11,0.774,1,12434.07,0.213,MORTGAGE,debt_consolidation,1
49,84736.99,22,0,0.039,0,21220.52,0.232,OWN,credit_card,1
53,95147.34,34,3,0.915,1,18636.92,0.608,RENT,debt_consolidation,0
57,28255.56,11,4,0.575,0,22416.05,0.266,RENT,credit_card,0
36,47753.39,14,12,0.504,0,11543.25,0.424,MORTGAGE,home_improvement,0
28,55937.7,31,2,0.011,1,28575.25,0.382,RENT,car,1
22,94186.99,10,11,0.898,0,21055.55,0.539,MORTGAGE,credit_card,0
27,44156.88,10,14,0.544,0,16010.11,0.467,RENT,credit_card,0
23,44508.55,5,14,0.825,1,20430.12,0.114,RENT,debt_consolidation,0
58,89071.96,9,4,0.656,0,8918.16,0.245,MORTGAGE,other,0
32,46754.64,20,1,0.797,0,500.0,0.442,MORTGAGE,debt_consolidation,0
57,70888.44,31,3,0.693,1,9539.73,0.159,MORTGAGE,debt_consolidation,0
45,22502.85,4,11,0.921,1,21727.11,0.347,RENT,debt_consolidation,0
44,51232.88,23,2,0.225,0,15721.94,0.225,RENT,other,1
41,18488.87,26,9,0.202,1,13768.49,0.106,MORTGAGE,other,1
57,31780.46,31,5,0.713,0,7369.44,0.598,RENT,debt_consolidation,0
22,73462.43,26,11,0.501,0,500.0,0.561,MORTGAGE,debt_consolidation,0
25,53902.08,5,9,0.599,1,27823.61,0.481,MORTGAGE,car,0
39,47979.67,17,8,0.709,1,13128.95,0.181,RENT,debt_consolidation,0
38,38527.51,33,11,0.547,0,11134.16,0.594,RENT,debt_consolidation,0
45,50145.57,31,14,0.788,1,8955.18,0.417,MORTGAGE,credit_card,1
53,61624.49,21,5,0.319,0,26290.7,0.581,RENT,credit_card,1
46,76624.16,33,7,0.859,1,22932.16,0.093,RENT,credit_card,1
32,12000.0,23,9,0.108,0,6294.84,0.145,OWN,home_improvement,0
35,36701.25,2,12,0.634,0,25480.89,0.422,RENT,home_improvement,0
54,58500.12,31,7,0.89,0,13694.37,0.549,MORTGAGE,credit_card,0
29,52825.01,5,5,0.253,1,9505.12,0.167,RENT,debt_consolidation,0
43,63874.28,13,12,0.327,1,12357.49,0.244,RENT,debt_consolidation,0
44,60885.89,8,14,0.305,1,7950.32,0.393,MORTGAGE,car,0
54,48292.91,25,8,0.564,1,3112.11,0.62,RENT,debt_consolidation,0
52,43409.23,1,1,0.413,1,21985.18,0.51,MORTGAGE,credit_card,0
41,49598.97,22,4,0.108,1,13013.66,0.578,RENT,debt_consolidation,0
34,80272.33,30,6,0.891,0,20554.89,0.421,MORTGAGE,debt_consolidation,1
37,38895.83,27,10,0.205,1,17584.92,0.553,MORTGAGE,credit_card,0
39,53618.25,10,10,0.534,0,19936.87,0.329,MORTGAGE,debt_consolidation,0
30,59033.53,31,12,0.595,1,500.0,0.138,MORTGAGE,home_improvement,1
48,89327.72,12,0,0.041,0,7199.16,0.44,RENT,credit_card,0
30,48393.22,23,6,0.096,1,20124.28,0.401,RENT,car,1
49,76093.75,17,10,0.972,0,3526.52,0.317,OWN,home_improvement,0
54,82103.55,2,14,0.665,0,18357.59,0.201,MORTGAGE,debt_consolidation,1
63,53597.41,0,2,0.034,0,2483.66,0.481,MORTGAGE,car,0
26,50364.18,6,13,0.794,0,15148.0,0.501,RENT,other,0
54,47760.82,32,0,0.509,1,29489.91,0.27,RENT,debt_consolidation,1
24,49371.89,33,2,0.075,0,21971.4,0.56,RENT,home_improvement,1
35,73793.28,14,12,0.681,1,500.0,0.273,RENT,home_improvement,0
28,60082.22,33,11,0.499,0,22635.34,0.109,RENT,home_improvement,1
28,60176.37,1,14,0.205,0,31400.14,0.142,RENT,debt_consolidation,1
28,30245.08,33,9,0.878,0,40173.14,0.322,RENT,debt_consolidation,1
22,33715.22,8,9,0.291,0,19275.68,0.094,MORTGAGE,debt_consolidation,0
57,102155.83,1,8,0.285,0,2720.22,0.445,MORTGAGE,debt_consolidation,0
23,51087.83,26,7,0.273,3,18912.1,0.547,RENT,credit_card,0
38,37955.02,13,7,0.767,1,29364.3,0.372,MORTGAGE,car,1
51,86484.18,10,4,0.706,0,13316.21,0.541,MORTGAGE,credit_card,0
64,61199.79,26,12,0.903,2,24387.98,0.615,RENT,credit_card,0
58,67719.41,11,5,0.229,1,7443.57,0.316,MORTGAGE,debt_consolidation,0
27,51962.96,26,9,0.786,0,18351.18,0.099,MORTGAGE,credit_card,1
64,47989.19,6,10,0.573,0,500.0,0.177,MORTGAGE,car,0
49,51269.1,3,8,0.309,0,6446.98,0.412,OWN,car,0
28,24579.76,11,9,0.035,2,14944.91,0.313,RENT,credit_card,0
40,53065.6,21,0,0.819,4,11729.79,0.507,MORTGAGE,credit_card,0
61,61512.73,7,4,0.241,1,3294.44,0.437,RENT,debt_consolidation,0
38,95710.19,5,6,0.632,1,10503.09,0.403,RENT,other,0
29,56891.98,26,5,0.549,0,17966.9,0.137,RENT,debt_consolidation,1
59,12000.0,17,13,0.004,0,14223.95,0.207,RENT,debt_consolidation,0
62,52932.32,15,13,0.994,0,15548.44,0.258,RENT,credit_card,1
63,115269.09,8,10,0.814,2,21587.72,0.543,MORTGAGE,debt_consolidation,0
63,74060.06,0,5,0.486,1,11911.54,0.445,RENT,debt_consolidation,0
59,37160.44,1,0,0.68,1,27232.6,0.425,RENT,other,0
40,68004.34,23,11,0.477,0,6096.56,0.42,RENT,debt_consolidation,0
29,38675.7,2,13,0.745,1,32352.02,0.347,RENT,debt_consolidation,0
48,25216.23,8,7,0.134,0,25017.35,0.072,MORTGAGE,debt_consolidation,0
30,47335.87,31,12,0.446,0,11796.02,0.161,MORTGAGE,debt_consolidation,0
41,57013.58,12,13,0.336,0,12396.13,0.127,MORTGAGE,other,0
49,13812.58,26,8,0.46,1,16860.62,0.105,OWN,home_improvement,1
62,29718.5,12,3,0.45,0,20388.04,0.226,RENT,other,1
33,55227.38,32,0,0.143,2,24850.93,0.523,RENT,car,0
32,46020.19,28,11,0.976,1,2934.68,0.133,OWN,home_improvement,0
53,63685.85,16,8,0.015,0,18936.98,0.111,MORTGAGE,credit_card,1
21,28277.3,23,2,0.01,1,500.0,0.138,OWN,credit_card,0
45,70710.5,14,0,0.373,0,13404.3,0.198,MORTGAGE,home_improvement,1
53,28957.3,33,14,0.62,3,28085.21,0.221,MORTGAGE,home_improvement,0
45,91140.15,12,4,0.18,0,2241.52,0.058,RENT,credit_card,1
37,17253.32,29,4,0.533,1,606.86,0.222,RENT,credit_card,0
57,30963.81,21,9,0.723,1,16987.16,0.618,MORTGAGE,home_improvement,0
37,64182.16,22,5,0.094,0,27486.86,0.235,MORTGAGE,debt_consolidation,1
52,91613.13,12,13,0.984,0,17928.56,0.166,MORTGAGE,credit_card,0
41,61930.95,29,10,0.337,1,500.0,0.343,OWN,credit_card,0
22,67382.87,26,5,0.642,1,500.0,0.196,RENT,credit_card,0
44,55385.81,28,3,0.111,1,15879.72,0.378,RENT,credit_card,0
23,32419.23,28,12,0.709,0,4386.82,0.27,OWN,car,1
61,44216.96,5,8,0.84,1,16230.18,0.563,MORTGAGE,car,0
47,28337.99,30,13,0.105,0,16763.96,0.56,MORTGAGE,debt_consolidation,0
37,26868.38,29,5,0.126,1,10592.18,0.462,MORTGAGE,credit_card,1
42,63838.48,8,0,0.281,0,31332.79,0.169,OWN,debt_consolidation,0
48,30290.08,34,13,0.012,0,20314.2,0.311,RENT,debt_consolidation,1
32,62030.19,18,3,0.986,0,25904.32,0.218,RENT,debt_consolidation,0
33,26359.9,11,12,0.598,0,23285.24,0.489,RENT,car,0
39,61520.43,7,10,0.608,1,13649.34,0.086,RENT,car,1
32,44248.98,12,3,0.959,2,13249.97,0.454,MORTGAGE,debt_consolidation,0
54,85945.54,1,11,0.832,0,12321.42,0.228,MORTGAGE,car,0
25,62121.82,24,1,0.814,1,21129.92,0.335,MORTGAGE,credit_card,0
57,82187.22,24,5,0.34,1,9146.71,0.248,RENT,car,0
36,38375.77,23,5,0.335,1,30525.3,0.271,MORTGAGE,credit_card,1
45,56235.15,19,9,0.292,1,8287.18,0.441,RENT,home_improvement,0
27,33416.08,12,8,0.347,0,16930.28,0.378,MORTGAGE,credit_card,1
37,45900.68,25,9,0.37,1,12938.27,0.204,RENT,debt_consolidation,1
54,49233.71,30,7,0.14,1,10942.86,0.094,MORTGAGE,debt_consolidation,0
32,39031.12,3,11,0.356,1,34551.12,0.541,RENT,home_improvement,0
26,28258.94,13,2,0.447,2,11048.51,0.361,MORTGAGE,other,0
43,23902.62,34,10,0.309,1,12257.51,0.41,MORTGAGE,home_improvement,0
28,12000.0,30,0,0.165,0,9022.8,0.319,OWN,car,0
34,31760.38,34,1,0.373,0,15369.37,0.39,OWN,debt_consolidation,1
40,68804.87,6,10,0.481,0,14088.24,0.395,RENT,car,1
45,19833.03,16,2,0.721,1,4926.72,0.078,RENT,car,0
49,24901.3,4,11,0.711,1,11180.67,0.363,RENT,credit_card,0
50,94399.77,30,1,0.203,1,20487.18,0.346,RENT,credit_card,1
58,40997.09,18,2,0.037,1,24242.88,0.123,RENT,debt_consolidation,0
23,62063.01,8,13,0.304,0,15216.01,0.46,OWN,debt_consolidation,0
36,69130.98,3,2,0.157,0,15530.95,0.18,OWN,debt_consolidation,1
21,69575.57,25,13,0.396,0,11751.04,0.08,RENT,home_improvement,1
21,21509.09,28,5,0.979,1,10478.02,0.512,MORTGAGE,car,0
30,49916.69,30,11,0.181,0,6723.84,0.526,MORTGAGE,debt_consolidation,1
47,19399.0,33,14,0.319,0,990.15,0.182,RENT,other,1
60,108818.99,28,1,0.725,0,8677.98,0.428,OWN,car,0
55,19912.74,27,4,0.509,0,23136.48,0.053,OWN,credit_card,1
49,31947.52,28,8,0.044,1,11180.25,0.467,OWN,other,1
55,32106.78,34,12,0.162,1,11885.83,0.326,MORTGAGE,car,1
28,22073.47,16,2,0.935,0,11710.63,0.486,RENT,debt_consolidation,1
57,84757.07,26,2,0.103,1,26202.37,0.286,RENT,other,1
60,108293.85,28,5,0.635,1,6644.56,0.263,OWN,credit_card,1
25,44533.52,4,3,0.792,0,17493.48,0.512,RENT,debt_consolidation,0
41,25950.69,24,4,0.265,1,14383.8,0.091,RENT,debt_consolidation,1
57,12000.0,11,1,0.725,1,15611.34,0.173,RENT,home_improvement,0
41,49629.61,4,12,0.17,0,17199.15,0.277,MORTGAGE,other,0
57,48039.96,5,11,0.285,1,15514.48,0.398,RENT,credit_card,0
62,40671.49,3,2,0.312,2,22137.2,0.093,MORTGAGE,credit_card,0
41,59870.26,31,8,0.996,2,14736.68,0.406,MORTGAGE,debt_consolidation,0
23,63693.81,27,9,0.215,0,30699.39,0.258,RENT,car,1
35,62107.83,3,9,0.129,1,15400.32,0.417,RENT,debt_consolidation,1
30,48045.25,21,14,0.926,1,500.0,0.569,MORTGAGE,credit_card,0
41,30764.32,23,9,0.162,2,20744.79,0.332,MORTGAGE,credit_card,0
46,69648.33,18,10,0.879,1,18528.87,0.375,OWN,debt_consolidation,0
41,55275.3,21,0,0.65,3,15292.91,0.365,MORTGAGE,other,0
29,74543.87,31,1,0.577,1,12663.86,0.135,RENT,other,0
34,72381.66,18,9,0.751,1,500.0,0.506,MORTGAGE,credit_card,1
50,23721.23,23,13,0.726,1,500.0,0.557,MORTGAGE,home_improvement,0
22,23447.11,19,5,0.111,0,29827.67,0.496,MORTGAGE,car,0
30,38378.1,13,9,0.999,1,9730.48,0.591,MORTGAGE,debt_consolidation,1
60,31762.16,31,3,0.942,0,23690.58,0.307,RENT,debt_consolidation,1
25,71615.54,14,6,0.897,0,572.7,0.409,MORTGAGE,home_improvement,0
39,62728.81,27,11,0.622,2,5578.28,0.183,MORTGAGE,credit_card,0
30,79182.05,21,9,0.523,2,21107.77,0.627,RENT,home_improvement,0
25,63722.71,23,1,0.536,0,14077.49,0.369,MORTGAGE,credit_card,1
39,59590.29,26,13,0.015,0,19839.0,0.194,RENT,home_improvement,0
43,81394.06,25,13,0.499,0,14877.31,0.493,MORTGAGE,debt_consolidation,1
28,65334.0,19,7,0.624,1,13130.95,0.393,MORTGAGE,debt_consolidation,0
24,56498.22,21,5,0.659,2,8879.61,0.612,RENT,debt_consolidation,0
26,87569.97,17,7,0.332,5,4253.98,0.573,RENT,credit_card,0
49,57533.98,11,12,0.471,1,27624.31,0.552,MORTGAGE,car,0
58,48304.51,25,6,0.636,1,29105.78,0.371,RENT,car,0
28,36567.89,30,0,0.428,0,5651.67,0.335,RENT,credit_card,1
35,70466.56,24,1,0.962,0,5063.29,0.467,MORTGAGE,home_improvement,1
36,82215.11,27,12,0.705,0,11870.04,0.108,RENT,debt_consolidation,0
36,53887.08,29,11,0.001,0,18063.92,0.08,MORTGAGE,credit_card,0
31,83774.14,12,11,0.023,0,13363.64,0.591,RENT,other,0
23,12000.0,2,1,0.69,0,19495.68,0.554,RENT,debt_consolidation,0
44,53780.03,11,2,0.413,1,14556.76,0.596,RENT,car,0
36,54117.91,26,5,0.839,1,13968.32,0.104,OWN,debt_consolidation,0
36,39006.12,28,3,0.173,1,36717.71,0.218,MORTGAGE,debt_consolidation,1
32,107444.94,17,5,0.014,0,10273.17,0.546,RENT,home_improvement,1
61,53543.76,27,8,0.388,0,29759.52,0.099,RENT,car,1
47,46029.92,2,4,0.736,3,28021.77,0.358,MORTGAGE,credit_card,0
39,55571.17,22,1,0.972,0,19536.84,0.238,MORTGAGE,car,1
30,12000.0,23,6,0.884,1,500.0,0.554,RENT,car,0
56,38282.91,17,10,0.484,0,15279.52,0.335,RENT,home_improvement,0
60,76631.28,25,9,0.813,2,10367.75,0.25,MORTGAGE,debt_consolidation,0
22,41163.2,17,4,0.07,0,15180.82,0.338,MORTGAGE,credit_card,0
61,36764.75,18,4,0.572,0,5433.3,0.112,MORTGAGE,home_improvement,1
51,83809.56,21,8,0.924,0,21806.32,0.452,MORTGAGE,home_improvement,0
25,84485.6,27,2,0.396,0,23864.87,0.39,MORTGAGE,credit_card,0
54,66373.79,8,12,0.96,1,25530.22,0.4,MORTGAGE,credit_card,0
25,44987.42,10,13,0.221,0,11560.39,0.291,MORTGAGE,debt_consolidation,1
23,49731.64,14,0,0.106,0,5465.17,0.212,MORTGAGE,debt_consolidation,0
26,37308.7,7,14,0.525,1,18165.13,0.106,RENT,credit_card,0
41,33114.99,11,0,0.907,0,30804.67,0.571,OWN,car,0
48,32022.84,12,6,0.311,1,15624.51,0.299,RENT,car,0
38,41402.8,10,10,0.8,0,19070.67,0.323,MORTGAGE,other,0
26,32236.14,14,4,0.169,1,12885.69,0.277,MORTGAGE,home_improvement,0
29,20598.49,17,3,0.746,1,10468.77,0.613,OWN,debt_consolidation,0
58,59826.86,24,0,0.557,4,20924.48,0.568,RENT,home_improvement,0
63,60161.1,10,10,0.175,1,14045.4,0.123,OWN,car,0
54,92417.44,29,0,0.718,0,18631.71,0.384,RENT,home_improvement,1
25,40296.56,16,7,0.714,0,19567.56,0.317,RENT,credit_card,0
57,61514.21,25,5,0.515,1,18127.65,0.506,OWN,home_improvement,1
51,61879.68,4,14,0.225,1,20020.7,0.619,RENT,debt_consolidation,0
44,49415.57,6,13,0.132,3,7322.95,0.519,MORTGAGE,debt_consolidation,0
27,71375.34,15,12,0.957,0,6773.74,0.526,MORTGAGE,debt_consolidation,0
64,72055.04,12,10,0.656,2,14616.41,0.366,OWN,credit_card,0
40,62203.04,17,8,0.809,0,14832.95,0.255,MORTGAGE,car,0
22,49375.93,5,5,0.697,0,10299.09,0.404,RENT,debt_consolidation,0
30,47134.34,16,2,0.829,0,17169.0,0.462,MORTGAGE,debt_consolidation,1
38,24909.41,24,14,0.162,1,23173.96,0.195,RENT,car,0
23,37269.81,25,5,0.497,0,25687.61,0.327,MORTGAGE,car,1
35,41315.83,8,6,0.667,1,27710.36,0.133,MORTGAGE,credit_card,0
41,30272.62,12,2,0.103,0,3166.79,0.169,MORTGAGE,credit_card,1
62,64678.33,18,4,0.15,1,4533.01,0.555,MORTGAGE,credit_card,1
24,81325.81,18,9,0.634,3,12393.19,0.19,MORTGAGE,home_improvement,0
46,35022.63,27,6,0.869,1,15722.58,0.516,MORTGAGE,car,0
61,61235.71,13,8,0.66,1,12854.24,0.275,OWN,debt_consolidation,0
56,32249.55,23,3,0.036,0,10026.25,0.415,RENT,other,1
61,48291.71,30,1,0.97,0,12260.24,0.551,RENT,home_improvement,0
28,39812.75,10,13,0.14,2,19349.82,0.519,MORTGAGE,home_improvement,0
56,68241.7,28,6,0.233,1,3033.4,0.524,RENT,debt_consolidation,1
64,40066.66,11,5,0.975,1,36090.21,0.214,RENT,other,0
35,77256.53,11,4,0.771,2,15188.94,0.289,MORTGAGE,credit_card,0
42,49594.14,22,9,0.937,1,24457.63,0.473,MORTGAGE,credit_card,0
44,40708.72,21,8,0.807,0,9779.96,0.477,RENT,credit_card,1
42,27427.28,19,5,0.652,1,20169.15,0.505,RENT,debt_consolidation,1
33,60570.5,8,13,0.285,2,15900.82,0.497,RENT,debt_consolidation,0
63,74694.8,3,13,0.327,1,22711.28,0.197,RENT,debt_consolidation,0
63,61013.07,31,2,0.947,0,13212.18,0.209,RENT,debt_consolidation,0
37,104254.3,30,9,0.861,1,28964.07,0.588,MORTGAGE,credit_card,0
56,86455.32,31,14,0.359,0,1571.5,0.355,RENT,home_improvement,1
38,48234.39,17,7,0.373,1,23544.36,0.485,MORTGAGE,home_improvement,0
55,48003.4,30,0,0.298,0,16068.48,0.38,OWN,credit_card,0
46,65333.33,16,1,0.326,0,5835.06,0.558,RENT,debt_consolidation,0
41,36563.58,2,10,0.861,1,32568.59,0.548,OWN,credit_card,0
26,80658.34,6,13,0.011,1,31638.28,0.214,RENT,home_improvement,0
49,62955.21,9,1,0.436,0,500.0,0.537,MORTGAGE,home_improvement,1
35,60642.1,13,8,0.943,0,16591.06,0.215,OWN,debt_consolidation,0
30,70112.98,32,7,0.543,0,21350.96,0.293,MORTGAGE,other,1
29,92902.26,11,4,0.45,1,18975.34,0.538,RENT,car,0
64,58761.02,21,9,0.312,0,28639.77,0.228,RENT,car,0
25,52513.11,9,13,0.074,0,26768.69,0.21,RENT,home_improvement,1
56,88191.83,22,3,0.224,0,17386.69,0.418,OWN,credit_card,0
59,76286.11,19,0,0.09,0,35493.93,0.6,RENT,other,0
22,47938.44,5,5,0.127,0,23431.62,0.122,MORTGAGE,other,1
46,55114.1,16,4,0.164,1,11837.27,0.456,RENT,car,0
46,59298.38,3,10,0.302,1,10028.87,0.36,RENT,car,1
36,62959.88,31,8,0.011,0,26190.07,0.276,RENT,other,1
50,25154.8,24,0,0.95,2,7863.41,0.502,RENT,home_improvement,0
38,21065.34,32,5,0.124,2,11312.36,0.395,MORTGAGE,debt_consolidation,1
40,35477.42,30,11,0.383,1,12843.85,0.509,RENT,credit_card,0
39,33775.75,7,7,0.88,1,18200.88,0.479,RENT,home_improvement,0
56,40835.87,24,8,0.107,2,13258.87,0.632,MORTGAGE,car,0
48,68963.63,3,3,0.484,1,3147.26,0.516,RENT,credit_card,0
37,51283.56,33,4,0.845,1,25458.72,0.107,MORTGAGE,credit_card,1
61,59320.68,27,1,0.557,0,11360.41,0.479,MORTGAGE,other,1
56,28065.32,23,1,0.21,1,33179.42,0.427,MORTGAGE,credit_card,0
62,44843.87,34,0,0.736,0,17735.91,0.099,RENT,debt_consolidation,1
53,67919.67,29,9,0.681,2,26404.87,0.423,RENT,home_improvement,0
38,68088.95,30,2,0.362,0,20677.75,0.463,MORTGAGE,credit_card,1
55,39059.38,3,8,0.046,0,26835.51,0.158,OWN,debt_consolidation,0
35,58556.57,0,14,0.008,0,20133.05,0.289,RENT,home_improvement,1
32,103374.65,33,10,0.825,0,17116.52,0.348,RENT,other,1
40,54612.85,8,8,0.322,0,24839.11,0.277,RENT,debt_consolidation,0
63,39749.89,14,1,0.138,0,37373.75,0.532,MORTGAGE,credit_card,1
45,51177.23,1,7,0.519,1,12571.83,0.163,RENT,credit_card,0
37,57027.9,21,13,0.921,2,22154.34,0.514,OWN,home_improvement,0
41,51674.3,28,5,0.008,1,14952.8,0.498,RENT,credit_card,0
33,54310.2,29,12,0.056,0,19554.53,0.296,OWN,credit_card,1
49,23244.17,20,10,0.417,1,15379.43,0.367,RENT,home_improvement,1
36,33822.13,23,4,0.676,0,500.0,0.134,RENT,other,1
45,51714.62,17,2,0.476,1,13198.32,0.177,RENT,debt_consolidation,1
37,51364.1,15,0,0.898,1,23996.0,0.362,RENT,credit_card,0
35,42543.84,19,4,0.044,0,8113.14,0.174,OWN,car,1
63,51105.7,32,4,0.34,1,23288.52,0.514,MORTGAGE,debt_consolidation,0
36,56342.33,8,9,0.351,0,16652.48,0.389,RENT,car,1
24,74567.1,16,8,0.34,1,13276.59,0.101,OWN,credit_card,0
37,52817.34,21,7,0.488,1,23152.34,0.267,RENT,debt_consolidation,1
44,63780.27,19,10,0.791,0,21129.28,0.522,RENT,debt_consolidation,0
25,43084.79,1,11,0.318,1,18784.92,0.223,RENT,debt_consolidation,0
34,67586.11,10,10,0.744,0,24143.1,0.446,MORTGAGE,car,0
28,63266.07,22,13,0.146,1,16827.88,0.122,OWN,home_improvement,0
43,74047.97,24,5,0.561,0,500.0,0.562,RENT,car,1
52,70696.13,25,12,0.375,1,11596.91,0.317,MORTGAGE,car,1
63,67952.18,34,6,0.539,0,500.0,0.32,RENT,credit_card,1
38,52834.82,23,2,0.108,1,20916.28,0.383,RENT,other,1
58,60388.66,20,2,0.953,2,23065.8,0.29,MORTGAGE,car,0
30,78397.2,11,1,0.906,0,23475.32,0.449,MORTGAGE,debt_consolidation,0
55,40654.36,12,14,0.826,2,19401.85,0.098,MORTGAGE,car,0
45,41175.03,28,2,0.893,0,23711.33,0.139,RENT,car,0
54,58991.49,16,12,0.147,0,810.57,0.154,RENT,credit_card,1
54,64136.15,25,11,0.504,3,14031.9,0.459,MORTGAGE,debt_consolidation,0
44,36869.66,4,6,0.318,1,2265.76,0.56,MORTGAGE,debt_consolidation,0
32,53355.22,4,13,0.887,0,11775.03,0.085,RENT,other,0
44,52932.03,7,13,0.189,0,29546.27,0.519,RENT,home_improvement,0
57,12000.0,6,13,0.22,0,24839.13,0.501,MORTGAGE,car,0
63,50168.93,21,7,0.687,1,20960.57,0.112,RENT,other,0
61,51539.01,22,4,0.089,0,13365.42,0.129,MORTGAGE,debt_consolidation,1
28,51473.56,19,0,0.732,1,6057.65,0.263,MORTGAGE,other,0
47,86150.11,10,12,0.268,0,16683.25,0.113,RENT,credit_card,0
25,28252.44,20,13,0.661,0,24996.08,0.467,MORTGAGE,home_improvement,0
50,36858.3,4,8,0.873,0,18688.84,0.327,MORTGAGE,debt_consolidation,0
64,12000.0,16,1,0.61,0,728.78,0.276,MORTGAGE,debt_consolidation,1
23,44419.83,5,12,0.213,1,15941.5,0.469,OWN,credit_card,1
49,46295.84,2,4,0.049,0,500.0,0.211,MORTGAGE,debt_consolidation,1
62,43780.5,5,8,0.045,1,22237.65,0.549,RENT,debt_consolidation,0
58,79368.9,3,9,0.089,1,8762.93,0.43,RENT,debt_consolidation,0
38,73933.59,16,2,0.58,1,3991.91,0.261,MORTGAGE,home_improvement,1
25,56712.85,19,0,0.348,1,22361.38,0.367,RENT,other,0
61,46846.51,21,1,0.243,1,20034.4,0.213,MORTGAGE,debt_consolidation,1
61,77576.17,15,14,0.219,0,17091.59,0.592,RENT,debt_consolidation,1
46,54565.33,6,14,0.949,0,34725.37,0.29,RENT,credit_card,0
64,36998.06,0,6,0.119,2,20715.0,0.583,RENT,home_improvement,0
21,17242.53,24,6,0.305,1,9195.39,0.608,OWN,home_improvement,0
48,45291.08,34,6,0.471,3,19672.83,0.405,MORTGAGE,other,0
22,71602.16,9,5,0.0,1,12425.3,0.471,MORTGAGE,debt_consolidation,0
62,105083.85,7,8,0.921,0,26400.83,0.365,RENT,credit_card,0
50,56355.43,10,5,0.099,1,17528.79,0.12,OWN,other,1
61,38162.18,7,9,0.682,0,18419.31,0.574,OWN,home_improvement,0
45,28930.77,7,5,0.629,1,2018.68,0.321,RENT,credit_card,0
24,67143.01,17,9,0.809,0,15552.16,0.542,MORTGAGE,other,1
22,16178.45,27,14,0.651,1,14493.61,0.431,OWN,debt_consolidation,0
35,67107.59,24,3,0.769,0,5782.08,0.108,RENT,debt_consolidation,0
53,72989.66,33,0,0.421,0,13006.49,0.279,RENT,debt_consolidation,1
27,64598.15,12,7,0.489,1,18921.77,0.178,MORTGAGE,car,0
58,50167.44,17,1,0.702,1,14960.85,0.163,RENT,car,0
31,67428.69,13,3,0.568,1,2291.1,0.463,MORTGAGE,debt_consolidation,1
42,58760.64,1,11,0.512,0,12541.05,0.067,MORTGAGE,credit_card,1
29,37881.28,13,6,0.206,0,10787.78,0.581,RENT,credit_card,0
41,95709.07,9,8,0.258,2,16741.62,0.337,RENT,debt_consolidation,0
40,47263.05,16,11,0.358,0,15769.79,0.319,MORTGAGE,car,1
21,72066.55,5,1,0.009,0,11295.48,0.215,RENT,credit_card,0
45,12000.0,25,7,0.417,1,10944.03,0.117,RENT,car,0
55,83082.36,29,0,0.003,1,15605.0,0.394,RENT,car,1
62,87312.8,33,7,0.565,2,23666.79,0.28,MORTGAGE,debt_consolidation,1
35,55656.34,2,3,0.704,0,17507.76,0.393,RENT,home_improvement,1
59,67292.96,4,13,0.562,1,27807.62,0.376,RENT,home_improvement,1
59,67287.33,33,3,0.694,1,25198.72,0.189,MORTGAGE,debt_consolidation,1
64,40858.76,29,3,0.0,0,28470.14,0.304,RENT,debt_consolidation,1
37,67036.69,20,0,0.059,1,27317.65,0.239,MORTGAGE,car,1
58,37210.13,11,1,0.698,1,29066.55,0.202,RENT,home_improvement,1
45,41607.35,18,3,0.803,0,4621.71,0.473,MORTGAGE,home_improvement,1
23,79792.75,18,3,0.718,0,20826.84,0.057,RENT,debt_consolidation,0
32,76442.47,29,11,0.663,0,25964.88,0.198,RENT,home_improvement,1
50,39459.74,18,13,0.707,0,27591.25,0.342,RENT,home_improvement,1
28,38861.32,0,12,0.74,0,8063.53,0.312,OWN,debt_consolidation,0
40,40796.87,24,14,0.724,1,20916.42,0.587,MORTGAGE,debt_consolidation,0
55,71118.07,27,13,0.738,0,15676.83,0.514,RENT,credit_card,1
27,33000.33,10,6,0.074,0,31623.54,0.463,RENT,home_improvement,1
42,62847.68,4,5,0.063,0,2514.38,0.333,RENT,debt_consolidation,0
30,71430.63,4,9,0.361,0,8076.39,0.286,RENT,car,0
44,53058.6,29,4,0.528,0,500.0,0.07,RENT,debt_consolidation,1
31,77221.4,15,9,0.763,1,16301.55,0.522,OWN,car,0
63,48305.18,18,14,0.335,1,35374.56,0.307,RENT,debt_consolidation,0
24,50295.18,33,2,0.275,1,14600.93,0.247,OWN,home_improvement,1
63,33500.58,2,11,0.781,1,15909.3,0.404,RENT,credit_card,0
55,77377.9,7,14,0.249,0,19952.15,0.465,MORTGAGE,home_improvement,1
58,38136.55,29,8,0.821,0,13953.39,0.338,RENT,other,1
58,62694.98,18,5,0.177,0,18294.23,0.132,RENT,debt_consolidation,1
29,53431.05,0,3,0.359,1,18529.91,0.577,MORTGAGE,debt_consolidation,1
61,31838.77,24,2,0.401,0,7389.99,0.112,RENT,debt_consolidation,1
47,41599.73,4,4,0.3,0,14153.58,0.583,OWN,credit_card,0
63,85423.19,27,11,0.003,0,21677.4,0.293,MORTGAGE,car,1
59,59436.47,27,7,0.236,0,23357.19,0.571,OWN,debt_consolidation,0
46,32798.69,28,3,0.338,0,26686.51,0.553,MORTGAGE,car,0
37,61717.22,16,8,0.314,0,18018.92,0.273,RENT,credit_card,1
26,51785.49,9,12,0.786,0,18202.07,0.49,RENT,other,0
25,130989.02,30,0,0.047,1,21751.66,0.119,MORTGAGE,credit_card,1
38,61272.72,19,0,0.389,1,9647.07,0.116,RENT,other,1
56,46626.25,22,14,0.038,0,9277.99,0.246,MORTGAGE,credit_card,1
43,86240.61,4,11,0.931,2,13876.82,0.425,RENT,other,0
42,14497.2,21,8,0.79,0,3524.84,0.055,MORTGAGE,home_improvement,1
31,57075.04,20,13,0.982,1,18662.11,0.353,RENT,debt_consolidation,0
45,98877.43,10,8,0.91,1,24441.74,0.607,RENT,car,0
49,52443.62,26,7,0.316,0,8609.61,0.522,OWN,credit_card,0
64,16867.38,4,3,0.692,1,18916.34,0.198,MORTGAGE,debt_consolidation,0
53,46289.8,25,12,0.307,1,9337.82,0.36,RENT,credit_card,0
47,86999.4,33,11,0.888,1,5850.82,0.164,RENT,car,1
61,63273.53,19,4,0.411,1,33500.05,0.215,MORTGAGE,home_improvement,0
39,36545.17,3,11,0.376,0,5979.9,0.558,RENT,debt_consolidation,0
62,39924.66,19,10,0.914,1,3486.13,0.619,MORTGAGE,car,0
37,42686.59,18,1,0.837,1,16932.44,0.203,MORTGAGE,credit_card,0
26,62946.35,19,2,0.966,0,17416.69,0.167,RENT,debt_consolidation,0
39,84440.31,9,8,0.066,0,21005.09,0.261,RENT,debt_consolidation,0
26,78153.31,21,9,0.243,1,33011.05,0.315,RENT,debt_consolidation,1
26,65032.27,9,9,0.301,0,8005.83,0.099,RENT,home_improvement,1
59,25703.82,19,5,0.424,0,9794.07,0.131,MORTGAGE,debt_consolidation,0
55,25785.48,20,12,0.473,0,29479.25,0.284,RENT,debt_consolidation,0
30,66731.54,22,6,0.291,0,23452.11,0.179,OWN,credit_card,1
57,25399.64,27,3,0.79,1,22200.73,0.535,MORTGAGE,car,0
24,50037.53,30,1,0.223,0,9691.18,0.463,RENT,home_improvement,0
33,61691.31,27,13,0.697,0,25132.99,0.345,MORTGAGE,credit_card,1
52,29972.93,27,10,0.852,1,22228.65,0.308,RENT,home_improvement,0
34,32466.23,30,6,0.604,0,16705.84,0.507,RENT,debt_consolidation,0
53,52929.34,8,3,0.354,1,9735.65,0.161,MORTGAGE,car,0
59,66080.31,10,1,0.188,0,15960.26,0.538,RENT,debt_consolidation,0
23,78353.41,18,2,0.134,0,29836.38,0.077,RENT,debt_consolidation,1
22,68355.18,16,1,0.744,1,5154.29,0.578,RENT,credit_card,0
62,56620.45,24,7,0.469,1,7801.81,0.146,RENT,debt_consolidation,1
43,38583.72,0,2,0.046,0,9349.78,0.497,MORTGAGE,debt_consolidation,0
43,31440.05,4,1,0.984,1,11302.61,0.08,OWN,home_improvement,0
41,43760.7,26,4,0.671,0,14858.37,0.498,MORTGAGE,credit_card,0
40,64018.58,28,10,0.844,0,23627.14,0.371,OWN,debt_consolidation,0
51,62405.72,10,7,0.438,1,19152.73,0.08,MORTGAGE,home_improvement,1
46,12000.0,10,2,0.955,1,15547.57,0.496,RENT,home_improvement,0
28,37715.11,19,11,0.2,0,17492.94,0.106,OWN,other,1
48,81499.17,16,7,0.185,0,20615.92,0.347,RENT,debt_consolidation,1
50,56742.73,5,2,0.89,0,500.0,0.233,RENT,car,1
25,23825.8,17,10,0.892,1,24644.26,0.488,OWN,home_improvement,0
37,106828.07,28,14,0.499,1,7562.28,0.539,MORTGAGE,credit_card,0
55,54363.28,25,8,0.126,0,11008.41,0.305,OWN,debt_consolidation,0
48,63455.35,28,2,0.305,0,18063.92,0.467,RENT,credit_card,0
27,63789.54,22,4,0.754,1,14321.35,0.574,MORTGAGE,debt_consolidation,1
22,46912.9,30,8,0.846,1,19382.37,0.449,RENT,home_improvement,0
46,38993.38,8,14,0.348,1,16276.45,0.247,RENT,home_improvement,0
41,101676.85,1,13,0.061,1,12396.01,0.325,OWN,debt_consolidation,0
63,77070.53,3,13,0.666,0,28758.82,0.176,RENT,debt_consolidation,0
43,73082.62,34,12,0.739,0,21372.59,0.302,MORTGAGE,other,1
61,67678.36,22,8,0.424,1,17719.06,0.205,OWN,credit_card,1
30,32927.02,8,9,0.583,1,21232.68,0.514,OWN,credit_card,0
40,83105.66,29,11,0.987,0,8652.03,0.385,RENT,other,0
27,36451.08,10,10,0.245,0,34572.95,0.398,RENT,debt_consolidation,1
46,61232.31,20,9,0.573,1,5211.27,0.131,OWN,home_improvement,1
29,18933.42,8,2,0.611,0,16018.52,0.051,MORTGAGE,car,0
42,12000.0,3,13,0.549,0,12422.16,0.484,MORTGAGE,debt_consolidation,0
36,62002.41,9,0,0.869,1,12080.27,0.368,RENT,debt_consolidation,0
29,37199.82,7,6,0.605,0,10911.69,0.562,RENT,car,0
25,12000.0,19,6,0.508,0,8054.61,0.345,OWN,debt_consolidation,1
43,66893.41,0,14,0.123,0,25695.08,0.168,MORTGAGE,debt_consolidation,1
62,101641.78,8,1,0.703,1,4157.67,0.454,MORTGAGE,credit_card,0
29,85570.33,19,7,0.132,2,23852.08,0.476,RENT,car,0
38,49339.01,13,5,0.027,3,20836.84,0.146,RENT,credit_card,0
30,55194.6,22,1,0.489,0,11571.98,0.432,MORTGAGE,debt_consolidation,0
56,74529.54,22,3,0.572,1,19793.47,0.187,OWN,credit_card,0
39,79686.82,33,6,0.999,1,13578.91,0.21,RENT,credit_card,0
63,47442.21,29,13,0.712,1,5090.94,0.087,RENT,home_improvement,1
31,55751.91,7,5,0.849,1,5186.1,0.415,MORTGAGE,car,0
24,61613.53,24,13,0.346,2,20898.97,0.492,RENT,debt_consolidation,0
46,67185.28,21,11,0.509,3,20432.13,0.237,RENT,home_improvement,0
49,52072.32,20,12,0.974,0,17178.1,0.486,MORTGAGE,home_improvement,0
64,52358.12,27,12,0.417,2,11476.35,0.509,RENT,car,0
59,85356.31,5,10,0.807,0,13286.12,0.275,MORTGAGE,credit_card,1
59,81609.46,13,11,0.526,0,12070.02,0.088,RENT,debt_consolidation,0
48,65503.03,28,2,0.224,2,500.0,0.244,MORTGAGE,home_improvement,0
36,92820.4,31,10,0.58,0,15551.28,0.141,MORTGAGE,home_improvement,1
39,46498.19,1,0,0.218,0,19702.09,0.577,MORTGAGE,home_improvement,0
26,90705.42,16,11,0.003,1,15608.48,0.52,MORTGAGE,debt_consolidation,0
39,66935.34,9,9,0.236,0,30922.34,0.093,MORTGAGE,debt_consolidation,1
37,126962.57,5,11,0.193,0,5958.94,0.332,RENT,debt_consolidation,1
22,28765.4,1,9,0.371,1,9050.07,0.217,RENT,debt_consolidation,0
29,39834.4,18,5,0.889,0,16197.17,0.068,RENT,debt_consolidation,0
44,64213.55,23,5,0.388,0,17193.9,0.227,MORTGAGE,debt_consolidation,1
37,63739.15,18,8,0.845,1,500.0,0.14,RENT,debt_consolidation,1
64,97903.06,12,7,0.556,0,20424.28,0.173,RENT,debt_consolidation,1
42,40295.76,26,5,0.008,0,17234.85,0.23,MORTGAGE,other,1
63,74908.21,22,7,0.189,0,500.0,0.275,MORTGAGE,credit_card,0
50,80574.19,31,8,0.931,2,13949.62,0.348,RENT,debt_consolidation,0
22,70502.25,12,3,0.604,1,7723.13,0.356,RENT,home_improvement,0
29,33858.08,8,9,0.93,1,10920.09,0.274,MORTGAGE,credit_card,0
52,85970.69,15,4,0.31,0,2957.09,0.324,OWN,debt_consolidation,1
44,82045.15,17,4,0.717,3,18745.7,0.34,MORTGAGE,credit_card,0
34,68190.86,16,6,0.772,2,30855.99,0.62,RENT,debt_consolidation,0
43,59495.65,29,1,0.976,0,17385.21,0.087,MORTGAGE,credit_card,0
60,59974.38,1,9,0.018,1,500.0,0.392,RENT,debt_consolidation,0
38,53267.81,18,11,0.952,1,17570.36,0.177,RENT,credit_card,0
22,69097.27,15,14,0.392,0,13248.25,0.256,RENT,debt_consolidation,1
34,55684.97,7,4,0.838,0,5090.89,0.351,RENT,debt_consolidation,0
62,36332.45,22,8,0.545,1,18182.61,0.488,MORTGAGE,home_improvement,0
54,31930.98,28,7,0.565,1,22917.88,0.608,MORTGAGE,debt_consolidation,0
57,38455.2,19,10,0.359,0,8983.56,0.321,MORTGAGE,credit_card,0
61,59886.91,2,9,0.828,1,500.0,0.211,MORTGAGE,debt_consolidation,1
26,54406.97,2,12,0.264,1,500.0,0.505,RENT,home_improvement,0
33,59737.56,14,12,0.492,0,9008.83,0.172,MORTGAGE,credit_card,0
23,66017.89,23,1,0.56,1,13600.47,0.349,MORTGAGE,car,0
21,41198.94,10,5,0.743,0,10355.95,0.516,MORTGAGE,credit_card,0
57,87244.52,10,9,0.472,0,8850.46,0.272,RENT,other,0
62,49110.36,30,8,0.68,2,20111.1,0.396,MORTGAGE,debt_consolidation,1
27,45464.61,0,7,0.485,1,19165.43,0.136,MORTGAGE,home_improvement,0
52,65612.5,2,2,0.659,1,16796.34,0.101,RENT,credit_card,0
44,14596.78,5,8,0.674,3,22348.39,0.652,OWN,credit_card,0
24,37608.24,34,11,0.709,0,9093.23,0.148,RENT,home_improvement,1
61,76583.6,17,0,0.823,0,5148.97,0.235,RENT,other,1
59,16776.72,5,8,0.541,1,10299.0,0.348,MORTGAGE,car,0
45,79586.63,10,13,0.193,0,9678.28,0.256,MORTGAGE,debt_consolidation,0
52,88245.0,33,8,0.68,0,500.0,0.104,MORTGAGE,credit_card,0
38,46871.98,24,14,0.077,1,10089.88,0.178,MORTGAGE,debt_consolidation,1
55,61419.88,7,5,0.219,1,24943.65,0.341,OWN,home_improvement,0
40,79619.92,8,0,0.792,0,22207.68,0.291,RENT,credit_card,0
64,44730.64,2,10,0.435,0,19726.65,0.489,RENT,debt_consolidation,0
23,74091.06,27,3,0.498,1,16184.56,0.241,MORTGAGE,debt_consolidation,0
28,40234.73,4,0,0.987,1,28040.09,0.587,RENT,other,0
63,44492.75,10,2,0.235,1,5458.49,0.226,MORTGAGE,debt_consolidation,0
33,37414.6,12,14,0.02,1,6316.56,0.252,OWN,debt_consolidation,0
34,62538.24,21,11,0.111,0,25118.66,0.572,RENT,debt_consolidation,1
55,80475.32,21,4,0.245,0,15248.44,0.512,RENT,credit_card,0
29,50949.52,27,8,0.726,0,8959.4,0.224,RENT,debt_consolidation,0
43,27032.52,10,5,0.776,0,19967.32,0.267,MORTGAGE,home_improvement,1
33,31180.45,13,2,0.565,1,11053.8,0.533,MORTGAGE,debt_consolidation,1
29,63681.19,13,14,0.255,1,7462.27,0.117,OWN,debt_consolidation,0
63,95570.56,1,12,0.522,1,7211.83,0.232,MORTGAGE,debt_consolidation,0
29,63661.95,25,5,0.015,0,17893.94,0.342,OWN,debt_consolidation,1
25,46488.28,18,5,0.682,0,16852.34,0.506,RENT,home_improvement,0
50,71856.05,16,12,0.614,1,28650.72,0.381,RENT,debt_consolidation,0
59,49731.03,34,6,0.022,1,12389.2,0.339,RENT,home_improvement,1
26,46677.73,6,5,0.817,2,12235.65,0.619,MORTGAGE,credit_card,0
52,33913.9,33,5,0.763,1,27956.7,0.134,RENT,debt_consolidation,1
44,85985.87,23,6,0.308,1,23870.82,0.499,RENT,debt_consolidation,0
57,12000.0,7,7,0.635,1,16304.08,0.14,RENT,credit_card,1
26,72552.9,23,0,0.601,0,950.89,0.453,RENT,credit_card,0
63,44797.61,26,7,0.143,1,7693.31,0.369,MORTGAGE,credit_card,0
48,45972.5,12,6,0.193,0,5513.15,0.196,OWN,car,0
58,92230.93,12,4,0.683,0,15328.07,0.349,RENT,debt_consolidation,0
36,39289.12,29,5,0.934,1,10424.93,0.554,MORTGAGE,credit_card,0
62,40038.48,5,6,0.576,0,29426.14,0.31,RENT,credit_card,0
48,52131.33,0,5,0.568,2,857.07,0.094,RENT,debt_consolidation,1
26,64104.64,23,13,0.647,0,4547.94,0.081,RENT,credit_card,1
61,45279.17,31,7,0.441,0,17201.66,0.398,MORTGAGE,credit_card,1
56,20375.1,17,7,0.054,1,19692.92,0.443,MORTGAGE,credit_card,1
34,35954.64,4,3,0.397,0,500.0,0.271,MORTGAGE,home_improvement,1
45,83189.34,18,13,0.9,0,500.0,0.184,MORTGAGE,debt_consolidation,1
38,56645.09,8,0,0.805,1,12627.57,0.464,RENT,credit_card,0
44,64923.92,28,8,0.927,1,27204.39,0.237,MORTGAGE,car,0
63,49248.73,21,2,0.153,1,31989.85,0.111,MORTGAGE,credit_card,0
60,40491.05,11,11,0.506,0,11269.52,0.275,RENT,home_improvement,1
30,91906.53,21,5,0.585,0,13464.18,0.347,RENT,credit_card,1
63,50859.78,23,4,0.21,0,7468.21,0.581,RENT,credit_card,0
40,45245.86,23,0,0.201,1,20698.86,0.396,RENT,debt_consolidation,0
52,79115.13,12,11,0.782,1,28756.77,0.185,RENT,home_improvement,0
54,39108.07,19,5,0.672,1,26304.19,0.528,RENT,credit_card,0
42,41916.0,1,3,0.647,0,14738.99,0.21,OWN,debt_consolidation,0
41,55225.43,14,12,0.267,0,7453.21,0.578,OWN,debt_consolidation,0
41,55005.94,13,0,0.507,1,15073.77,0.249,MORTGAGE,debt_consolidation,0
58,60711.45,18,7,0.023,1,27427.08,0.57,MORTGAGE,credit_card,0
37,101016.72,33,2,0.13,0,11395.35,0.533,OWN,debt_consolidation,1
33,62397.46,33,1,0.518,0,500.0,0.525,RENT,car,1
36,12000.0,16,0,0.31,0,11759.92,0.072,MORTGAGE,other,1
29,62178.58,22,2,0.966,0,12488.77,0.517,MORTGAGE,other,0
38,55833.36,3,14,0.471,2,500.0,0.487,OWN,debt_consolidation,0
26,55955.9,16,6,0.084,1,17088.34,0.254,MORTGAGE,credit_card,1
24,60410.84,24,14,0.018,2,19554.04,0.36,RENT,car,0
52,54369.08,23,4,0.725,1,31739.03,0.422,MORTGAGE,home_improvement,0
24,53842.53,33,11,0.172,0,3008.61,0.569,RENT,debt_consolidation,1
46,68486.97,16,1,0.188,0,21574.69,0.479,RENT,car,0
55,43074.22,31,1,0.424,1,23701.53,0.306,MORTGAGE,credit_card,0
52,34150.9,34,0,0.264,0,19676.59,0.405,MORTGAGE,home_improvement,0
40,121523.19,20,13,0.617,0,5938.79,0.152,RENT,other,1
29,39251.14,3,10,0.486,1,5415.66,0.303,RENT,other,0
61,57203.14,13,11,0.111,0,15874.77,0.485,MORTGAGE,credit_card,1
57,22095.47,26,13,0.785,0,15811.6,0.384,RENT,debt_consolidation,1
47,57562.31,20,4,0.426,0,9965.1,0.481,MORTGAGE,home_improvement,1
24,34469.04,32,10,0.611,1,26624.73,0.35,MORTGAGE,home_improvement,1
22,45265.6,28,7,0.004,1,11393.24,0.279,MORTGAGE,credit_card,0
34,77991.42,2,8,0.626,1,500.0,0.478,RENT,credit_card,0
27,65384.21,30,9,0.283,1,12983.49,0.122,OWN,credit_card,1
58,67505.01,12,7,0.494,1,19322.46,0.608,OWN,credit_card,1
30,16033.49,28,0,0.298,0,18077.65,0.572,RENT,other,1
33,95411.69,17,1,0.996,1,18008.0,0.554,MORTGAGE,car,0
63,28778.61,15,7,0.231,0,28445.9,0.536,MORTGAGE,credit_card,1
57,88628.34,2,8,0.913,2,4966.88,0.371,RENT,credit_card,0
30,77473.97,4,10,0.918,1,11186.62,0.344,MORTGAGE,credit_card,1
37,67701.32,20,8,0.421,0,28905.49,0.501,OWN,credit_card,0
43,36190.33,19,2,0.304,1,500.0,0.226,MORTGAGE,debt_consolidation,0
50,58334.98,19,5,0.381,0,14516.75,0.517,OWN,home_improvement,1
62,44639.73,5,6,0.989,0,26060.29,0.16,RENT,home_improvement,0
59,55638.87,17,14,0.619,0,25926.15,0.534,OWN,credit_card,0
63,49502.81,2,7,0.545,0,20941.05,0.348,OWN,other,0
22,12000.0,5,9,0.036,0,21168.95,0.514,RENT,other,1
31,79679.25,17,11,0.848,1,5630.79,0.341,RENT,car,0
45,53215.64,21,5,0.084,1,27358.59,0.405,MORTGAGE,other,1
23,44334.39,22,14,0.047,0,4199.44,0.56,OWN,credit_card,0
36,42672.8,34,10,0.275,1,4736.28,0.3,RENT,other,0
27,62886.11,29,12,0.476,0,18490.87,0.171,RENT,other,0
62,35337.36,13,11,0.895,1,10562.87,0.12,MORTGAGE,home_improvement,0
23,12000.0,27,9,0.79,0,16860.27,0.374,RENT,debt_consolidation,0
27,63956.86,3,0,0.198,1,18876.9,0.406,MORTGAGE,debt_consolidation,0
29,66420.27,30,8,0.372,1,31002.99,0.411,MORTGAGE,credit_card,0
27,50608.1,13,1,0.78,2,18903.52,0.11,OWN,home_improvement,0
46,29746.14,26,9,0.527,1,9433.19,0.085,RENT,credit_card,1
37,56956.58,33,10,0.174,0,21088.39,0.542,OWN,car,0
61,22780.29,24,8,0.396,0,7514.21,0.433,MORTGAGE,car,1
32,32400.93,32,4,0.626,0,23218.4,0.112,OWN,debt_consolidation,0
44,38484.65,0,0,0.973,1,15581.65,0.111,RENT,debt_consolidation,0
50,73566.66,5,10,0.662,0,18604.89,0.139,MORTGAGE,home_improvement,0
48,47022.56,21,10,0.016,0,500.0,0.494,MORTGAGE,debt_consolidation,0
56,45146.94,18,7,0.705,1,500.0,0.468,MORTGAGE,other,1
29,98003.24,4,10,0.251,0,1487.18,0.401,RENT,car,1
43,62754.17,25,11,0.862,0,30711.94,0.402,MORTGAGE,credit_card,1
56,62457.88,2,7,0.384,0,4666.61,0.522,RENT,credit_card,0
58,46866.58,34,0,0.2,0,21590.79,0.233,RENT,car,1
48,41879.82,5,13,0.468,1,9222.83,0.247,MORTGAGE,car,0
49,12000.0,15,7,0.255,1,12839.73,0.304,OWN,credit_card,0
59,76312.29,28,10,0.236,1,14597.52,0.614,MORTGAGE,other,0
48,64862.81,17,13,0.573,0,29794.01,0.355,RENT,credit_card,1
62,51058.35,26,5,0.767,0,20260.55,0.351,RENT,debt_consolidation,0
26,51981.01,24,9,0.835,2,18465.3,0.535,RENT,credit_card,0
36,71195.17,33,0,0.398,1,26670.29,0.168,RENT,car,1
25,20796.38,16,13,0.067,1,9301.23,0.293,MORTGAGE,other,0
24,42022.61,34,0,0.484,0,24615.09,0.403,RENT,debt_consolidation,0
41,30001.34,18,8,0.434,4,23111.72,0.673,RENT,credit_card,0
30,93973.2,31,5,0.197,1,23009.09,0.155,MORTGAGE,credit_card,0
38,74264.42,25,0,0.896,1,13604.85,0.319,RENT,car,0
40,12000.0,4,6,0.974,1,11064.17,0.568,RENT,home_improvement,0
48,21697.24,22,14,0.052,0,7171.59,0.449,MORTGAGE,debt_consolidation,0
62,52088.4,30,2,0.796,0,7735.36,0.388,RENT,car,1
58,44606.32,4,4,0.646,1,6746.88,0.211,MORTGAGE,home_improvement,0
37,25863.59,29,2,0.261,0,18301.63,0.153,MORTGAGE,car,0
35,97784.77,3,1,0.635,0,12944.97,0.256,MORTGAGE,car,1
54,61875.88,30,3,0.129,0,18882.6,0.19,RENT,debt_consolidation,1
26,65445.96,27,8,0.069,1,19390.94,0.515,RENT,other,1
44,39775.67,5,11,0.993,0,5462.2,0.446,MORTGAGE,credit_card,0
39,70890.03,25,10,0.636,0,5192.08,0.509,RENT,other,0
29,46630.48,4,11,0.253,0,12942.06,0.144,RENT,debt_consolidation,1
48,48766.45,19,10,0.45,0,8023.91,0.22,RENT,car,1
35,68442.04,32,5,0.95,0,7076.29,0.473,RENT,debt_consolidation,1
29,19162.05,7,13,0.439,0,30261.18,0.14,RENT,debt_consolidation,0
49,90134.61,6,2,0.9,0,1199.81,0.13,OWN,other,0
28,59012.56,14,10,0.869,0,33207.58,0.261,MORTGAGE,debt_consolidation,1
50,83180.77,12,1,0.344,1,17599.89,0.173,MORTGAGE,debt_consolidation,1
28,31340.77,1,11,0.696,1,23876.14,0.113,RENT,car,0
40,34690.37,15,1,0.66,1,22815.0,0.242,RENT,credit_card,1
56,29438.2,9,3,0.771,3,20552.63,0.592,MORTGAGE,credit_card,0
31,60506.55,4,5,0.366,0,29956.49,0.081,MORTGAGE,other,0
54,56451.63,9,10,0.052,2,5258.25,0.401,OWN,credit_card,0
52,44782.94,0,0,0.171,0,13592.59,0.36,RENT,debt_consolidation,0
60,32690.48,32,3,0.617,1,7324.38,0.362,RENT,home_improvement,0
28,27134.88,34,5,0.775,1,500.0,0.348,MORTGAGE,home_improvement,0
52,53933.35,12,10,0.756,1,9048.83,0.079,RENT,debt_consolidation,0
62,44757.09,30,14,0.584,1,31852.93,0.096,RENT,credit_card,1
54,39916.65,16,9,0.085,1,13438.8,0.351,RENT,credit_card,0
29,89035.97,31,7,0.017,0,32851.64,0.583,RENT,debt_consolidation,1
57,53188.84,6,5,0.782,0,33772.44,0.274,MORTGAGE,debt_consolidation,1
25,82940.94,9,12,0.549,0,41956.17,0.31,OWN,other,1
46,43268.45,25,1,0.783,1,32149.44,0.61,MORTGAGE,debt_consolidation,0
42,60385.08,7,1,0.163,0,36223.19,0.479,RENT,debt_consolidation,1
44,53779.53,28,3,0.407,1,17926.51,0.494,MORTGAGE,other,0
43,17652.31,14,4,0.919,0,17054.95,0.328,MORTGAGE,credit_card,0
22,86423.44,14,6,0.172,1,17653.55,0.564,MORTGAGE,other,0
43,52026.62,15,14,0.062,1,15000.56,0.39,MORTGAGE,car,1
62,71421.2,27,9,0.653,0,16346.97,0.411,OWN,credit_card,0
40,38455.37,0,5,0.595,1,21769.64,0.503,RENT,credit_card,0
33,51373.42,26,3,0.952,0,10807.64,0.274,MORTGAGE,debt_consolidation,0
64,35929.25,27,9,0.906,1,2601.38,0.594,MORTGAGE,debt_consolidation,0
25,82191.97,28,3,0.749,0,18272.57,0.593,OWN,debt_consolidation,1
42,61851.01,34,14,0.019,1,8764.76,0.393,OWN,credit_card,1
43,63075.18,27,7,0.48,0,9696.54,0.172,RENT,credit_card,1
42,84880.05,18,8,0.896,0,13715.22,0.476,MORTGAGE,car,1
61,80439.51,16,13,0.434,1,11650.71,0.247,RENT,debt_consolidation,1
39,71837.54,13,4,0.962,0,24990.38,0.367,MORTGAGE,credit_card,1
63,23722.0,28,7,0.652,0,13499.33,0.098,RENT,debt_consolidation,0
23,39695.06,13,7,0.109,1,25444.05,0.514,RENT,debt_consolidation,0
53,32914.46,20,4,0.509,0,16854.15,0.577,OWN,car,1
47,71005.74,3,0,0.696,0,14203.24,0.102,MORTGAGE,home_improvement,1
31,58754.34,11,4,0.065,1,16423.98,0.472,MORTGAGE,credit_card,0
31,24408.73,9,1,0.345,2,3375.33,0.563,RENT,credit_card,0
52,50847.63,15,10,0.717,1,18042.69,0.13,RENT,credit_card,0
49,22129.53,17,0,0.157,0,22642.7,0.186,RENT,car,1
47,53830.56,25,4,0.348,1,23917.65,0.286,RENT,credit_card,1
23,18581.8,15,13,0.69,1,2830.43,0.53,OWN,home_improvement,0
47,66634.2,5,8,0.776,0,1329.18,0.321,MORTGAGE,debt_consolidation,0
64,63315.18,19,10,0.519,1,10168.63,0.145,RENT,credit_card,0
21,96974.87,1,10,0.957,0,27461.96,0.191,MORTGAGE,credit_card,0
41,73653.21,29,4,0.925,0,16988.78,0.307,RENT,debt_consolidation,0
42,45695.89,26,9,0.473,1,8027.74,0.092,RENT,credit_card,1
60,72997.54,7,3,0.16,0,1923.54,0.397,RENT,credit_card,0
33,24251.39,9,9,0.773,0,8844.1,0.064,RENT,debt_consolidation,0
41,33825.6,0,10,0.243,0,8236.04,0.479,MORTGAGE,other,0
52,62329.14,12,13,0.843,0,23420.56,0.454,MORTGAGE,debt_consolidation,1
23,12000.0,1,13,0.587,1,24112.9,0.546,MORTGAGE,car,0
56,54182.46,32,0,0.394,1,5550.88,0.157,MORTGAGE,credit_card,1
57,32554.21,4,4,0.556,0,21778.49,0.381,OWN,debt_consolidation,0
52,57228.76,23,8,0.533,0,20856.81,0.48,MORTGAGE,debt_consolidation,0
49,31289.8,19,4,0.925,0,4382.87,0.334,OWN,home_improvement,0
53,64333.46,8,9,0.214,1,14245.63,0.142,OWN,car,0
55,55425.2,28,12,0.928,1,18067.38,0.124,MORTGAGE,home_improvement,0
60,85808.05,3,3,0.031,2,16469.12,0.423,RENT,credit_card,0
39,55148.16,31,13,0.769,2,500.0,0.364,RENT,debt_consolidation,0
41,38089.86,25,13,0.92,0,16180.64,0.561,MORTGAGE,car,0
49,49568.51,22,13,0.394,0,20726.38,0.509,MORTGAGE,car,1
29,25426.8,30,1,0.073,1,29216.35,0.468,MORTGAGE,credit_card,0
58,63935.02,14,4,0.805,1,8980.88,0.61,MORTGAGE,car,0
54,67976.71,9,1,0.843,1,10090.92,0.452,MORTGAGE,home_improvement,0
48,109322.31,5,1,0.336,1,13120.2,0.121,MORTGAGE,credit_card,1
34,41319.61,32,0,0.519,0,17620.94,0.093,MORTGAGE,home_improvement,1
36,49108.52,14,6,0.809,1,15873.16,0.519,RENT,debt_consolidation,0
40,42333.31,29,1,0.192,0,20438.77,0.248,MORTGAGE,debt_consolidation,0
50,59666.5,11,4,0.629,2,4873.32,0.598,RENT,home_improvement,0
